Sample in Buffer,Sample in Window,TRIGGER,responses[127:0],done_sig,count_a[31:0],count_b[31:0]
Radix - UNSIGNED,UNSIGNED,UNSIGNED,HEX,HEX,HEX,HEX
0,0,1,f42a76a279585ebf23c0af7e625e0c40,1,0001d42d,00005bf0
1,1,0,f42a76a279585ebf23c0af7e625e0c40,1,0001d42d,00005bf0
2,2,0,f42a76a279585ebf23c0af7e625e0c40,1,0001d42d,00005bf0
3,3,0,f42a76a279585ebf23c0af7e625e0c40,1,0001d42d,00005bf0
4,4,0,f42a76a279585ebf23c0af7e625e0c40,1,0001d42d,00005bf0
5,5,0,f42a76a279585ebf23c0af7e625e0c40,1,0001d42d,00005bf0
6,6,0,f42a76a279585ebf23c0af7e625e0c40,1,0001d42d,00005bf0
7,7,0,f42a76a279585ebf23c0af7e625e0c40,1,0001d42d,00005bf0
8,8,0,f42a76a279585ebf23c0af7e625e0c40,1,0001d42d,00005bf0
9,9,0,f42a76a279585ebf23c0af7e625e0c40,1,0001d42d,00005bf0
10,10,0,f42a76a279585ebf23c0af7e625e0c40,1,0001d42d,00005bf0
11,11,0,f42a76a279585ebf23c0af7e625e0c40,1,0001d42d,00005bf0
12,12,0,f42a76a279585ebf23c0af7e625e0c40,1,0001d42d,00005bf0
13,13,0,f42a76a279585ebf23c0af7e625e0c40,1,0001d42d,00005bf0
14,14,0,f42a76a279585ebf23c0af7e625e0c40,1,0001d42d,00005bf0
15,15,0,f42a76a279585ebf23c0af7e625e0c40,1,0001d42d,00005bf0
16,16,0,f42a76a279585ebf23c0af7e625e0c40,1,0001d42d,00005bf0
17,17,0,f42a76a279585ebf23c0af7e625e0c40,1,0001d42d,00005bf0
18,18,0,f42a76a279585ebf23c0af7e625e0c40,1,0001d42d,00005bf0
19,19,0,f42a76a279585ebf23c0af7e625e0c40,1,0001d42d,00005bf0
20,20,0,f42a76a279585ebf23c0af7e625e0c40,1,0001d42d,00005bf0
21,21,0,f42a76a279585ebf23c0af7e625e0c40,1,0001d42d,00005bf0
22,22,0,f42a76a279585ebf23c0af7e625e0c40,1,0001d42d,00005bf0
23,23,0,f42a76a279585ebf23c0af7e625e0c40,1,0001d42d,00005bf0
24,24,0,f42a76a279585ebf23c0af7e625e0c40,1,0001d42d,00005bf0
25,25,0,f42a76a279585ebf23c0af7e625e0c40,1,0001d42d,00005bf0
26,26,0,f42a76a279585ebf23c0af7e625e0c40,1,0001d42d,00005bf0
27,27,0,f42a76a279585ebf23c0af7e625e0c40,1,0001d42d,00005bf0
28,28,0,f42a76a279585ebf23c0af7e625e0c40,1,0001d42d,00005bf0
29,29,0,f42a76a279585ebf23c0af7e625e0c40,1,0001d42d,00005bf0
30,30,0,f42a76a279585ebf23c0af7e625e0c40,1,0001d42d,00005bf0
31,31,0,f42a76a279585ebf23c0af7e625e0c40,1,0001d42d,00005bf0
32,32,0,f42a76a279585ebf23c0af7e625e0c40,1,0001d42d,00005bf0
33,33,0,f42a76a279585ebf23c0af7e625e0c40,1,0001d42d,00005bf0
34,34,0,f42a76a279585ebf23c0af7e625e0c40,1,0001d42d,00005bf0
35,35,0,f42a76a279585ebf23c0af7e625e0c40,1,0001d42d,00005bf0
36,36,0,f42a76a279585ebf23c0af7e625e0c40,1,0001d42d,00005bf0
37,37,0,f42a76a279585ebf23c0af7e625e0c40,1,0001d42d,00005bf0
38,38,0,f42a76a279585ebf23c0af7e625e0c40,1,0001d42d,00005bf0
39,39,0,f42a76a279585ebf23c0af7e625e0c40,1,0001d42d,00005bf0
40,40,0,f42a76a279585ebf23c0af7e625e0c40,1,0001d42d,00005bf0
41,41,0,f42a76a279585ebf23c0af7e625e0c40,1,0001d42d,00005bf0
42,42,0,f42a76a279585ebf23c0af7e625e0c40,1,0001d42d,00005bf0
43,43,0,f42a76a279585ebf23c0af7e625e0c40,1,0001d42d,00005bf0
44,44,0,f42a76a279585ebf23c0af7e625e0c40,1,0001d42d,00005bf0
45,45,0,f42a76a279585ebf23c0af7e625e0c40,1,0001d42d,00005bf0
46,46,0,f42a76a279585ebf23c0af7e625e0c40,1,0001d42d,00005bf0
47,47,0,f42a76a279585ebf23c0af7e625e0c40,1,0001d42d,00005bf0
48,48,0,f42a76a279585ebf23c0af7e625e0c40,1,0001d42d,00005bf0
49,49,0,f42a76a279585ebf23c0af7e625e0c40,1,0001d42d,00005bf0
50,50,0,f42a76a279585ebf23c0af7e625e0c40,1,0001d42d,00005bf0
51,51,0,f42a76a279585ebf23c0af7e625e0c40,1,0001d42d,00005bf0
52,52,0,f42a76a279585ebf23c0af7e625e0c40,1,0001d42d,00005bf0
53,53,0,f42a76a279585ebf23c0af7e625e0c40,1,0001d42d,00005bf0
54,54,0,f42a76a279585ebf23c0af7e625e0c40,1,0001d42d,00005bf0
55,55,0,f42a76a279585ebf23c0af7e625e0c40,1,0001d42d,00005bf0
56,56,0,f42a76a279585ebf23c0af7e625e0c40,1,0001d42d,00005bf0
57,57,0,f42a76a279585ebf23c0af7e625e0c40,1,0001d42d,00005bf0
58,58,0,f42a76a279585ebf23c0af7e625e0c40,1,0001d42d,00005bf0
59,59,0,f42a76a279585ebf23c0af7e625e0c40,1,0001d42d,00005bf0
60,60,0,f42a76a279585ebf23c0af7e625e0c40,1,0001d42d,00005bf0
61,61,0,f42a76a279585ebf23c0af7e625e0c40,1,0001d42d,00005bf0
62,62,0,f42a76a279585ebf23c0af7e625e0c40,1,0001d42d,00005bf0
63,63,0,f42a76a279585ebf23c0af7e625e0c40,1,0001d42d,00005bf0
64,64,0,f42a76a279585ebf23c0af7e625e0c40,1,0001d42d,00005bf0
65,65,0,f42a76a279585ebf23c0af7e625e0c40,1,0001d42d,00005bf0
66,66,0,f42a76a279585ebf23c0af7e625e0c40,1,0001d42d,00005bf0
67,67,0,f42a76a279585ebf23c0af7e625e0c40,1,0001d42d,00005bf0
68,68,0,f42a76a279585ebf23c0af7e625e0c40,1,0001d42d,00005bf0
69,69,0,f42a76a279585ebf23c0af7e625e0c40,1,0001d42d,00005bf0
70,70,0,f42a76a279585ebf23c0af7e625e0c40,1,0001d42d,00005bf0
71,71,0,f42a76a279585ebf23c0af7e625e0c40,1,0001d42d,00005bf0
72,72,0,f42a76a279585ebf23c0af7e625e0c40,1,0001d42d,00005bf0
73,73,0,f42a76a279585ebf23c0af7e625e0c40,1,0001d42d,00005bf0
74,74,0,f42a76a279585ebf23c0af7e625e0c40,1,0001d42d,00005bf0
75,75,0,f42a76a279585ebf23c0af7e625e0c40,1,0001d42d,00005bf0
76,76,0,f42a76a279585ebf23c0af7e625e0c40,1,0001d42d,00005bf0
77,77,0,f42a76a279585ebf23c0af7e625e0c40,1,0001d42d,00005bf0
78,78,0,f42a76a279585ebf23c0af7e625e0c40,1,0001d42d,00005bf0
79,79,0,f42a76a279585ebf23c0af7e625e0c40,1,0001d42d,00005bf0
80,80,0,f42a76a279585ebf23c0af7e625e0c40,1,0001d42d,00005bf0
81,81,0,f42a76a279585ebf23c0af7e625e0c40,1,0001d42d,00005bf0
82,82,0,f42a76a279585ebf23c0af7e625e0c40,1,0001d42d,00005bf0
83,83,0,f42a76a279585ebf23c0af7e625e0c40,1,0001d42d,00005bf0
84,84,0,f42a76a279585ebf23c0af7e625e0c40,1,0001d42d,00005bf0
85,85,0,f42a76a279585ebf23c0af7e625e0c40,1,0001d42d,00005bf0
86,86,0,f42a76a279585ebf23c0af7e625e0c40,1,0001d42d,00005bf0
87,87,0,f42a76a279585ebf23c0af7e625e0c40,1,0001d42d,00005bf0
88,88,0,f42a76a279585ebf23c0af7e625e0c40,1,0001d42d,00005bf0
89,89,0,f42a76a279585ebf23c0af7e625e0c40,1,0001d42d,00005bf0
90,90,0,f42a76a279585ebf23c0af7e625e0c40,1,0001d42d,00005bf0
91,91,0,f42a76a279585ebf23c0af7e625e0c40,1,0001d42d,00005bf0
92,92,0,f42a76a279585ebf23c0af7e625e0c40,1,0001d42d,00005bf0
93,93,0,f42a76a279585ebf23c0af7e625e0c40,1,0001d42d,00005bf0
94,94,0,f42a76a279585ebf23c0af7e625e0c40,1,0001d42d,00005bf0
95,95,0,f42a76a279585ebf23c0af7e625e0c40,1,0001d42d,00005bf0
96,96,0,f42a76a279585ebf23c0af7e625e0c40,1,0001d42d,00005bf0
97,97,0,f42a76a279585ebf23c0af7e625e0c40,1,0001d42d,00005bf0
98,98,0,f42a76a279585ebf23c0af7e625e0c40,1,0001d42d,00005bf0
99,99,0,f42a76a279585ebf23c0af7e625e0c40,1,0001d42d,00005bf0
100,100,0,f42a76a279585ebf23c0af7e625e0c40,1,0001d42d,00005bf0
101,101,0,f42a76a279585ebf23c0af7e625e0c40,1,0001d42d,00005bf0
102,102,0,f42a76a279585ebf23c0af7e625e0c40,1,0001d42d,00005bf0
103,103,0,f42a76a279585ebf23c0af7e625e0c40,1,0001d42d,00005bf0
104,104,0,f42a76a279585ebf23c0af7e625e0c40,1,0001d42d,00005bf0
105,105,0,f42a76a279585ebf23c0af7e625e0c40,1,0001d42d,00005bf0
106,106,0,f42a76a279585ebf23c0af7e625e0c40,1,0001d42d,00005bf0
107,107,0,f42a76a279585ebf23c0af7e625e0c40,1,0001d42d,00005bf0
108,108,0,f42a76a279585ebf23c0af7e625e0c40,1,0001d42d,00005bf0
109,109,0,f42a76a279585ebf23c0af7e625e0c40,1,0001d42d,00005bf0
110,110,0,f42a76a279585ebf23c0af7e625e0c40,1,0001d42d,00005bf0
111,111,0,f42a76a279585ebf23c0af7e625e0c40,1,0001d42d,00005bf0
112,112,0,f42a76a279585ebf23c0af7e625e0c40,1,0001d42d,00005bf0
113,113,0,f42a76a279585ebf23c0af7e625e0c40,1,0001d42d,00005bf0
114,114,0,f42a76a279585ebf23c0af7e625e0c40,1,0001d42d,00005bf0
115,115,0,f42a76a279585ebf23c0af7e625e0c40,1,0001d42d,00005bf0
116,116,0,f42a76a279585ebf23c0af7e625e0c40,1,0001d42d,00005bf0
117,117,0,f42a76a279585ebf23c0af7e625e0c40,1,0001d42d,00005bf0
118,118,0,f42a76a279585ebf23c0af7e625e0c40,1,0001d42d,00005bf0
119,119,0,f42a76a279585ebf23c0af7e625e0c40,1,0001d42d,00005bf0
120,120,0,f42a76a279585ebf23c0af7e625e0c40,1,0001d42d,00005bf0
121,121,0,f42a76a279585ebf23c0af7e625e0c40,1,0001d42d,00005bf0
122,122,0,f42a76a279585ebf23c0af7e625e0c40,1,0001d42d,00005bf0
123,123,0,f42a76a279585ebf23c0af7e625e0c40,1,0001d42d,00005bf0
124,124,0,f42a76a279585ebf23c0af7e625e0c40,1,0001d42d,00005bf0
125,125,0,f42a76a279585ebf23c0af7e625e0c40,1,0001d42d,00005bf0
126,126,0,f42a76a279585ebf23c0af7e625e0c40,1,0001d42d,00005bf0
127,127,0,f42a76a279585ebf23c0af7e625e0c40,1,0001d42d,00005bf0
128,128,0,f42a76a279585ebf23c0af7e625e0c40,1,0001d42d,00005bf0
129,129,0,f42a76a279585ebf23c0af7e625e0c40,1,0001d42d,00005bf0
130,130,0,f42a76a279585ebf23c0af7e625e0c40,1,0001d42d,00005bf0
131,131,0,f42a76a279585ebf23c0af7e625e0c40,1,0001d42d,00005bf0
132,132,0,f42a76a279585ebf23c0af7e625e0c40,1,0001d42d,00005bf0
133,133,0,f42a76a279585ebf23c0af7e625e0c40,1,0001d42d,00005bf0
134,134,0,f42a76a279585ebf23c0af7e625e0c40,1,0001d42d,00005bf0
135,135,0,f42a76a279585ebf23c0af7e625e0c40,1,0001d42d,00005bf0
136,136,0,f42a76a279585ebf23c0af7e625e0c40,1,0001d42d,00005bf0
137,137,0,f42a76a279585ebf23c0af7e625e0c40,1,0001d42d,00005bf0
138,138,0,f42a76a279585ebf23c0af7e625e0c40,1,0001d42d,00005bf0
139,139,0,f42a76a279585ebf23c0af7e625e0c40,1,0001d42d,00005bf0
140,140,0,f42a76a279585ebf23c0af7e625e0c40,1,0001d42d,00005bf0
141,141,0,f42a76a279585ebf23c0af7e625e0c40,1,0001d42d,00005bf0
142,142,0,f42a76a279585ebf23c0af7e625e0c40,1,0001d42d,00005bf0
143,143,0,f42a76a279585ebf23c0af7e625e0c40,1,0001d42d,00005bf0
144,144,0,f42a76a279585ebf23c0af7e625e0c40,1,0001d42d,00005bf0
145,145,0,f42a76a279585ebf23c0af7e625e0c40,1,0001d42d,00005bf0
146,146,0,f42a76a279585ebf23c0af7e625e0c40,1,0001d42d,00005bf0
147,147,0,f42a76a279585ebf23c0af7e625e0c40,1,0001d42d,00005bf0
148,148,0,f42a76a279585ebf23c0af7e625e0c40,1,0001d42d,00005bf0
149,149,0,f42a76a279585ebf23c0af7e625e0c40,1,0001d42d,00005bf0
150,150,0,f42a76a279585ebf23c0af7e625e0c40,1,0001d42d,00005bf0
151,151,0,f42a76a279585ebf23c0af7e625e0c40,1,0001d42d,00005bf0
152,152,0,f42a76a279585ebf23c0af7e625e0c40,1,0001d42d,00005bf0
153,153,0,f42a76a279585ebf23c0af7e625e0c40,1,0001d42d,00005bf0
154,154,0,f42a76a279585ebf23c0af7e625e0c40,1,0001d42d,00005bf0
155,155,0,f42a76a279585ebf23c0af7e625e0c40,1,0001d42d,00005bf0
156,156,0,f42a76a279585ebf23c0af7e625e0c40,1,0001d42d,00005bf0
157,157,0,f42a76a279585ebf23c0af7e625e0c40,1,0001d42d,00005bf0
158,158,0,f42a76a279585ebf23c0af7e625e0c40,1,0001d42d,00005bf0
159,159,0,f42a76a279585ebf23c0af7e625e0c40,1,0001d42d,00005bf0
160,160,0,f42a76a279585ebf23c0af7e625e0c40,1,0001d42d,00005bf0
161,161,0,f42a76a279585ebf23c0af7e625e0c40,1,0001d42d,00005bf0
162,162,0,f42a76a279585ebf23c0af7e625e0c40,1,0001d42d,00005bf0
163,163,0,f42a76a279585ebf23c0af7e625e0c40,1,0001d42d,00005bf0
164,164,0,f42a76a279585ebf23c0af7e625e0c40,1,0001d42d,00005bf0
165,165,0,f42a76a279585ebf23c0af7e625e0c40,1,0001d42d,00005bf0
166,166,0,f42a76a279585ebf23c0af7e625e0c40,1,0001d42d,00005bf0
167,167,0,f42a76a279585ebf23c0af7e625e0c40,1,0001d42d,00005bf0
168,168,0,f42a76a279585ebf23c0af7e625e0c40,1,0001d42d,00005bf0
169,169,0,f42a76a279585ebf23c0af7e625e0c40,1,0001d42d,00005bf0
170,170,0,f42a76a279585ebf23c0af7e625e0c40,1,0001d42d,00005bf0
171,171,0,f42a76a279585ebf23c0af7e625e0c40,1,0001d42d,00005bf0
172,172,0,f42a76a279585ebf23c0af7e625e0c40,1,0001d42d,00005bf0
173,173,0,f42a76a279585ebf23c0af7e625e0c40,1,0001d42d,00005bf0
174,174,0,f42a76a279585ebf23c0af7e625e0c40,1,0001d42d,00005bf0
175,175,0,f42a76a279585ebf23c0af7e625e0c40,1,0001d42d,00005bf0
176,176,0,f42a76a279585ebf23c0af7e625e0c40,1,0001d42d,00005bf0
177,177,0,f42a76a279585ebf23c0af7e625e0c40,1,0001d42d,00005bf0
178,178,0,f42a76a279585ebf23c0af7e625e0c40,1,0001d42d,00005bf0
179,179,0,f42a76a279585ebf23c0af7e625e0c40,1,0001d42d,00005bf0
180,180,0,f42a76a279585ebf23c0af7e625e0c40,1,0001d42d,00005bf0
181,181,0,f42a76a279585ebf23c0af7e625e0c40,1,0001d42d,00005bf0
182,182,0,f42a76a279585ebf23c0af7e625e0c40,1,0001d42d,00005bf0
183,183,0,f42a76a279585ebf23c0af7e625e0c40,1,0001d42d,00005bf0
184,184,0,f42a76a279585ebf23c0af7e625e0c40,1,0001d42d,00005bf0
185,185,0,f42a76a279585ebf23c0af7e625e0c40,1,0001d42d,00005bf0
186,186,0,f42a76a279585ebf23c0af7e625e0c40,1,0001d42d,00005bf0
187,187,0,f42a76a279585ebf23c0af7e625e0c40,1,0001d42d,00005bf0
188,188,0,f42a76a279585ebf23c0af7e625e0c40,1,0001d42d,00005bf0
189,189,0,f42a76a279585ebf23c0af7e625e0c40,1,0001d42d,00005bf0
190,190,0,f42a76a279585ebf23c0af7e625e0c40,1,0001d42d,00005bf0
191,191,0,f42a76a279585ebf23c0af7e625e0c40,1,0001d42d,00005bf0
192,192,0,f42a76a279585ebf23c0af7e625e0c40,1,0001d42d,00005bf0
193,193,0,f42a76a279585ebf23c0af7e625e0c40,1,0001d42d,00005bf0
194,194,0,f42a76a279585ebf23c0af7e625e0c40,1,0001d42d,00005bf0
195,195,0,f42a76a279585ebf23c0af7e625e0c40,1,0001d42d,00005bf0
196,196,0,f42a76a279585ebf23c0af7e625e0c40,1,0001d42d,00005bf0
197,197,0,f42a76a279585ebf23c0af7e625e0c40,1,0001d42d,00005bf0
198,198,0,f42a76a279585ebf23c0af7e625e0c40,1,0001d42d,00005bf0
199,199,0,f42a76a279585ebf23c0af7e625e0c40,1,0001d42d,00005bf0
200,200,0,f42a76a279585ebf23c0af7e625e0c40,1,0001d42d,00005bf0
201,201,0,f42a76a279585ebf23c0af7e625e0c40,1,0001d42d,00005bf0
202,202,0,f42a76a279585ebf23c0af7e625e0c40,1,0001d42d,00005bf0
203,203,0,f42a76a279585ebf23c0af7e625e0c40,1,0001d42d,00005bf0
204,204,0,f42a76a279585ebf23c0af7e625e0c40,1,0001d42d,00005bf0
205,205,0,f42a76a279585ebf23c0af7e625e0c40,1,0001d42d,00005bf0
206,206,0,f42a76a279585ebf23c0af7e625e0c40,1,0001d42d,00005bf0
207,207,0,f42a76a279585ebf23c0af7e625e0c40,1,0001d42d,00005bf0
208,208,0,f42a76a279585ebf23c0af7e625e0c40,1,0001d42d,00005bf0
209,209,0,f42a76a279585ebf23c0af7e625e0c40,1,0001d42d,00005bf0
210,210,0,f42a76a279585ebf23c0af7e625e0c40,1,0001d42d,00005bf0
211,211,0,f42a76a279585ebf23c0af7e625e0c40,1,0001d42d,00005bf0
212,212,0,f42a76a279585ebf23c0af7e625e0c40,1,0001d42d,00005bf0
213,213,0,f42a76a279585ebf23c0af7e625e0c40,1,0001d42d,00005bf0
214,214,0,f42a76a279585ebf23c0af7e625e0c40,1,0001d42d,00005bf0
215,215,0,f42a76a279585ebf23c0af7e625e0c40,1,0001d42d,00005bf0
216,216,0,f42a76a279585ebf23c0af7e625e0c40,1,0001d42d,00005bf0
217,217,0,f42a76a279585ebf23c0af7e625e0c40,1,0001d42d,00005bf0
218,218,0,f42a76a279585ebf23c0af7e625e0c40,1,0001d42d,00005bf0
219,219,0,f42a76a279585ebf23c0af7e625e0c40,1,0001d42d,00005bf0
220,220,0,f42a76a279585ebf23c0af7e625e0c40,1,0001d42d,00005bf0
221,221,0,f42a76a279585ebf23c0af7e625e0c40,1,0001d42d,00005bf0
222,222,0,f42a76a279585ebf23c0af7e625e0c40,1,0001d42d,00005bf0
223,223,0,f42a76a279585ebf23c0af7e625e0c40,1,0001d42d,00005bf0
224,224,0,f42a76a279585ebf23c0af7e625e0c40,1,0001d42d,00005bf0
225,225,0,f42a76a279585ebf23c0af7e625e0c40,1,0001d42d,00005bf0
226,226,0,f42a76a279585ebf23c0af7e625e0c40,1,0001d42d,00005bf0
227,227,0,f42a76a279585ebf23c0af7e625e0c40,1,0001d42d,00005bf0
228,228,0,f42a76a279585ebf23c0af7e625e0c40,1,0001d42d,00005bf0
229,229,0,f42a76a279585ebf23c0af7e625e0c40,1,0001d42d,00005bf0
230,230,0,f42a76a279585ebf23c0af7e625e0c40,1,0001d42d,00005bf0
231,231,0,f42a76a279585ebf23c0af7e625e0c40,1,0001d42d,00005bf0
232,232,0,f42a76a279585ebf23c0af7e625e0c40,1,0001d42d,00005bf0
233,233,0,f42a76a279585ebf23c0af7e625e0c40,1,0001d42d,00005bf0
234,234,0,f42a76a279585ebf23c0af7e625e0c40,1,0001d42d,00005bf0
235,235,0,f42a76a279585ebf23c0af7e625e0c40,1,0001d42d,00005bf0
236,236,0,f42a76a279585ebf23c0af7e625e0c40,1,0001d42d,00005bf0
237,237,0,f42a76a279585ebf23c0af7e625e0c40,1,0001d42d,00005bf0
238,238,0,f42a76a279585ebf23c0af7e625e0c40,1,0001d42d,00005bf0
239,239,0,f42a76a279585ebf23c0af7e625e0c40,1,0001d42d,00005bf0
240,240,0,f42a76a279585ebf23c0af7e625e0c40,1,0001d42d,00005bf0
241,241,0,f42a76a279585ebf23c0af7e625e0c40,1,0001d42d,00005bf0
242,242,0,f42a76a279585ebf23c0af7e625e0c40,1,0001d42d,00005bf0
243,243,0,f42a76a279585ebf23c0af7e625e0c40,1,0001d42d,00005bf0
244,244,0,f42a76a279585ebf23c0af7e625e0c40,1,0001d42d,00005bf0
245,245,0,f42a76a279585ebf23c0af7e625e0c40,1,0001d42d,00005bf0
246,246,0,f42a76a279585ebf23c0af7e625e0c40,1,0001d42d,00005bf0
247,247,0,f42a76a279585ebf23c0af7e625e0c40,1,0001d42d,00005bf0
248,248,0,f42a76a279585ebf23c0af7e625e0c40,1,0001d42d,00005bf0
249,249,0,f42a76a279585ebf23c0af7e625e0c40,1,0001d42d,00005bf0
250,250,0,f42a76a279585ebf23c0af7e625e0c40,1,0001d42d,00005bf0
251,251,0,f42a76a279585ebf23c0af7e625e0c40,1,0001d42d,00005bf0
252,252,0,f42a76a279585ebf23c0af7e625e0c40,1,0001d42d,00005bf0
253,253,0,f42a76a279585ebf23c0af7e625e0c40,1,0001d42d,00005bf0
254,254,0,f42a76a279585ebf23c0af7e625e0c40,1,0001d42d,00005bf0
255,255,0,f42a76a279585ebf23c0af7e625e0c40,1,0001d42d,00005bf0
256,256,0,f42a76a279585ebf23c0af7e625e0c40,1,0001d42d,00005bf0
257,257,0,f42a76a279585ebf23c0af7e625e0c40,1,0001d42d,00005bf0
258,258,0,f42a76a279585ebf23c0af7e625e0c40,1,0001d42d,00005bf0
259,259,0,f42a76a279585ebf23c0af7e625e0c40,1,0001d42d,00005bf0
260,260,0,f42a76a279585ebf23c0af7e625e0c40,1,0001d42d,00005bf0
261,261,0,f42a76a279585ebf23c0af7e625e0c40,1,0001d42d,00005bf0
262,262,0,f42a76a279585ebf23c0af7e625e0c40,1,0001d42d,00005bf0
263,263,0,f42a76a279585ebf23c0af7e625e0c40,1,0001d42d,00005bf0
264,264,0,f42a76a279585ebf23c0af7e625e0c40,1,0001d42d,00005bf0
265,265,0,f42a76a279585ebf23c0af7e625e0c40,1,0001d42d,00005bf0
266,266,0,f42a76a279585ebf23c0af7e625e0c40,1,0001d42d,00005bf0
267,267,0,f42a76a279585ebf23c0af7e625e0c40,1,0001d42d,00005bf0
268,268,0,f42a76a279585ebf23c0af7e625e0c40,1,0001d42d,00005bf0
269,269,0,f42a76a279585ebf23c0af7e625e0c40,1,0001d42d,00005bf0
270,270,0,f42a76a279585ebf23c0af7e625e0c40,1,0001d42d,00005bf0
271,271,0,f42a76a279585ebf23c0af7e625e0c40,1,0001d42d,00005bf0
272,272,0,f42a76a279585ebf23c0af7e625e0c40,1,0001d42d,00005bf0
273,273,0,f42a76a279585ebf23c0af7e625e0c40,1,0001d42d,00005bf0
274,274,0,f42a76a279585ebf23c0af7e625e0c40,1,0001d42d,00005bf0
275,275,0,f42a76a279585ebf23c0af7e625e0c40,1,0001d42d,00005bf0
276,276,0,f42a76a279585ebf23c0af7e625e0c40,1,0001d42d,00005bf0
277,277,0,f42a76a279585ebf23c0af7e625e0c40,1,0001d42d,00005bf0
278,278,0,f42a76a279585ebf23c0af7e625e0c40,1,0001d42d,00005bf0
279,279,0,f42a76a279585ebf23c0af7e625e0c40,1,0001d42d,00005bf0
280,280,0,f42a76a279585ebf23c0af7e625e0c40,1,0001d42d,00005bf0
281,281,0,f42a76a279585ebf23c0af7e625e0c40,1,0001d42d,00005bf0
282,282,0,f42a76a279585ebf23c0af7e625e0c40,1,0001d42d,00005bf0
283,283,0,f42a76a279585ebf23c0af7e625e0c40,1,0001d42d,00005bf0
284,284,0,f42a76a279585ebf23c0af7e625e0c40,1,0001d42d,00005bf0
285,285,0,f42a76a279585ebf23c0af7e625e0c40,1,0001d42d,00005bf0
286,286,0,f42a76a279585ebf23c0af7e625e0c40,1,0001d42d,00005bf0
287,287,0,f42a76a279585ebf23c0af7e625e0c40,1,0001d42d,00005bf0
288,288,0,f42a76a279585ebf23c0af7e625e0c40,1,0001d42d,00005bf0
289,289,0,f42a76a279585ebf23c0af7e625e0c40,1,0001d42d,00005bf0
290,290,0,f42a76a279585ebf23c0af7e625e0c40,1,0001d42d,00005bf0
291,291,0,f42a76a279585ebf23c0af7e625e0c40,1,0001d42d,00005bf0
292,292,0,f42a76a279585ebf23c0af7e625e0c40,1,0001d42d,00005bf0
293,293,0,f42a76a279585ebf23c0af7e625e0c40,1,0001d42d,00005bf0
294,294,0,f42a76a279585ebf23c0af7e625e0c40,1,0001d42d,00005bf0
295,295,0,f42a76a279585ebf23c0af7e625e0c40,1,0001d42d,00005bf0
296,296,0,f42a76a279585ebf23c0af7e625e0c40,1,0001d42d,00005bf0
297,297,0,f42a76a279585ebf23c0af7e625e0c40,1,0001d42d,00005bf0
298,298,0,f42a76a279585ebf23c0af7e625e0c40,1,0001d42d,00005bf0
299,299,0,f42a76a279585ebf23c0af7e625e0c40,1,0001d42d,00005bf0
300,300,0,f42a76a279585ebf23c0af7e625e0c40,1,0001d42d,00005bf0
301,301,0,f42a76a279585ebf23c0af7e625e0c40,1,0001d42d,00005bf0
302,302,0,f42a76a279585ebf23c0af7e625e0c40,1,0001d42d,00005bf0
303,303,0,f42a76a279585ebf23c0af7e625e0c40,1,0001d42d,00005bf0
304,304,0,f42a76a279585ebf23c0af7e625e0c40,1,0001d42d,00005bf0
305,305,0,f42a76a279585ebf23c0af7e625e0c40,1,0001d42d,00005bf0
306,306,0,f42a76a279585ebf23c0af7e625e0c40,1,0001d42d,00005bf0
307,307,0,f42a76a279585ebf23c0af7e625e0c40,1,0001d42d,00005bf0
308,308,0,f42a76a279585ebf23c0af7e625e0c40,1,0001d42d,00005bf0
309,309,0,f42a76a279585ebf23c0af7e625e0c40,1,0001d42d,00005bf0
310,310,0,f42a76a279585ebf23c0af7e625e0c40,1,0001d42d,00005bf0
311,311,0,f42a76a279585ebf23c0af7e625e0c40,1,0001d42d,00005bf0
312,312,0,f42a76a279585ebf23c0af7e625e0c40,1,0001d42d,00005bf0
313,313,0,f42a76a279585ebf23c0af7e625e0c40,1,0001d42d,00005bf0
314,314,0,f42a76a279585ebf23c0af7e625e0c40,1,0001d42d,00005bf0
315,315,0,f42a76a279585ebf23c0af7e625e0c40,1,0001d42d,00005bf0
316,316,0,f42a76a279585ebf23c0af7e625e0c40,1,0001d42d,00005bf0
317,317,0,f42a76a279585ebf23c0af7e625e0c40,1,0001d42d,00005bf0
318,318,0,f42a76a279585ebf23c0af7e625e0c40,1,0001d42d,00005bf0
319,319,0,f42a76a279585ebf23c0af7e625e0c40,1,0001d42d,00005bf0
320,320,0,f42a76a279585ebf23c0af7e625e0c40,1,0001d42d,00005bf0
321,321,0,f42a76a279585ebf23c0af7e625e0c40,1,0001d42d,00005bf0
322,322,0,f42a76a279585ebf23c0af7e625e0c40,1,0001d42d,00005bf0
323,323,0,f42a76a279585ebf23c0af7e625e0c40,1,0001d42d,00005bf0
324,324,0,f42a76a279585ebf23c0af7e625e0c40,1,0001d42d,00005bf0
325,325,0,f42a76a279585ebf23c0af7e625e0c40,1,0001d42d,00005bf0
326,326,0,f42a76a279585ebf23c0af7e625e0c40,1,0001d42d,00005bf0
327,327,0,f42a76a279585ebf23c0af7e625e0c40,1,0001d42d,00005bf0
328,328,0,f42a76a279585ebf23c0af7e625e0c40,1,0001d42d,00005bf0
329,329,0,f42a76a279585ebf23c0af7e625e0c40,1,0001d42d,00005bf0
330,330,0,f42a76a279585ebf23c0af7e625e0c40,1,0001d42d,00005bf0
331,331,0,f42a76a279585ebf23c0af7e625e0c40,1,0001d42d,00005bf0
332,332,0,f42a76a279585ebf23c0af7e625e0c40,1,0001d42d,00005bf0
333,333,0,f42a76a279585ebf23c0af7e625e0c40,1,0001d42d,00005bf0
334,334,0,f42a76a279585ebf23c0af7e625e0c40,1,0001d42d,00005bf0
335,335,0,f42a76a279585ebf23c0af7e625e0c40,1,0001d42d,00005bf0
336,336,0,f42a76a279585ebf23c0af7e625e0c40,1,0001d42d,00005bf0
337,337,0,f42a76a279585ebf23c0af7e625e0c40,1,0001d42d,00005bf0
338,338,0,f42a76a279585ebf23c0af7e625e0c40,1,0001d42d,00005bf0
339,339,0,f42a76a279585ebf23c0af7e625e0c40,1,0001d42d,00005bf0
340,340,0,f42a76a279585ebf23c0af7e625e0c40,1,0001d42d,00005bf0
341,341,0,f42a76a279585ebf23c0af7e625e0c40,1,0001d42d,00005bf0
342,342,0,f42a76a279585ebf23c0af7e625e0c40,1,0001d42d,00005bf0
343,343,0,f42a76a279585ebf23c0af7e625e0c40,1,0001d42d,00005bf0
344,344,0,f42a76a279585ebf23c0af7e625e0c40,1,0001d42d,00005bf0
345,345,0,f42a76a279585ebf23c0af7e625e0c40,1,0001d42d,00005bf0
346,346,0,f42a76a279585ebf23c0af7e625e0c40,1,0001d42d,00005bf0
347,347,0,f42a76a279585ebf23c0af7e625e0c40,1,0001d42d,00005bf0
348,348,0,f42a76a279585ebf23c0af7e625e0c40,1,0001d42d,00005bf0
349,349,0,f42a76a279585ebf23c0af7e625e0c40,1,0001d42d,00005bf0
350,350,0,f42a76a279585ebf23c0af7e625e0c40,1,0001d42d,00005bf0
351,351,0,f42a76a279585ebf23c0af7e625e0c40,1,0001d42d,00005bf0
352,352,0,f42a76a279585ebf23c0af7e625e0c40,1,0001d42d,00005bf0
353,353,0,f42a76a279585ebf23c0af7e625e0c40,1,0001d42d,00005bf0
354,354,0,f42a76a279585ebf23c0af7e625e0c40,1,0001d42d,00005bf0
355,355,0,f42a76a279585ebf23c0af7e625e0c40,1,0001d42d,00005bf0
356,356,0,f42a76a279585ebf23c0af7e625e0c40,1,0001d42d,00005bf0
357,357,0,f42a76a279585ebf23c0af7e625e0c40,1,0001d42d,00005bf0
358,358,0,f42a76a279585ebf23c0af7e625e0c40,1,0001d42d,00005bf0
359,359,0,f42a76a279585ebf23c0af7e625e0c40,1,0001d42d,00005bf0
360,360,0,f42a76a279585ebf23c0af7e625e0c40,1,0001d42d,00005bf0
361,361,0,f42a76a279585ebf23c0af7e625e0c40,1,0001d42d,00005bf0
362,362,0,f42a76a279585ebf23c0af7e625e0c40,1,0001d42d,00005bf0
363,363,0,f42a76a279585ebf23c0af7e625e0c40,1,0001d42d,00005bf0
364,364,0,f42a76a279585ebf23c0af7e625e0c40,1,0001d42d,00005bf0
365,365,0,f42a76a279585ebf23c0af7e625e0c40,1,0001d42d,00005bf0
366,366,0,f42a76a279585ebf23c0af7e625e0c40,1,0001d42d,00005bf0
367,367,0,f42a76a279585ebf23c0af7e625e0c40,1,0001d42d,00005bf0
368,368,0,f42a76a279585ebf23c0af7e625e0c40,1,0001d42d,00005bf0
369,369,0,f42a76a279585ebf23c0af7e625e0c40,1,0001d42d,00005bf0
370,370,0,f42a76a279585ebf23c0af7e625e0c40,1,0001d42d,00005bf0
371,371,0,f42a76a279585ebf23c0af7e625e0c40,1,0001d42d,00005bf0
372,372,0,f42a76a279585ebf23c0af7e625e0c40,1,0001d42d,00005bf0
373,373,0,f42a76a279585ebf23c0af7e625e0c40,1,0001d42d,00005bf0
374,374,0,f42a76a279585ebf23c0af7e625e0c40,1,0001d42d,00005bf0
375,375,0,f42a76a279585ebf23c0af7e625e0c40,1,0001d42d,00005bf0
376,376,0,f42a76a279585ebf23c0af7e625e0c40,1,0001d42d,00005bf0
377,377,0,f42a76a279585ebf23c0af7e625e0c40,1,0001d42d,00005bf0
378,378,0,f42a76a279585ebf23c0af7e625e0c40,1,0001d42d,00005bf0
379,379,0,f42a76a279585ebf23c0af7e625e0c40,1,0001d42d,00005bf0
380,380,0,f42a76a279585ebf23c0af7e625e0c40,1,0001d42d,00005bf0
381,381,0,f42a76a279585ebf23c0af7e625e0c40,1,0001d42d,00005bf0
382,382,0,f42a76a279585ebf23c0af7e625e0c40,1,0001d42d,00005bf0
383,383,0,f42a76a279585ebf23c0af7e625e0c40,1,0001d42d,00005bf0
384,384,0,f42a76a279585ebf23c0af7e625e0c40,1,0001d42d,00005bf0
385,385,0,f42a76a279585ebf23c0af7e625e0c40,1,0001d42d,00005bf0
386,386,0,f42a76a279585ebf23c0af7e625e0c40,1,0001d42d,00005bf0
387,387,0,f42a76a279585ebf23c0af7e625e0c40,1,0001d42d,00005bf0
388,388,0,f42a76a279585ebf23c0af7e625e0c40,1,0001d42d,00005bf0
389,389,0,f42a76a279585ebf23c0af7e625e0c40,1,0001d42d,00005bf0
390,390,0,f42a76a279585ebf23c0af7e625e0c40,1,0001d42d,00005bf0
391,391,0,f42a76a279585ebf23c0af7e625e0c40,1,0001d42d,00005bf0
392,392,0,f42a76a279585ebf23c0af7e625e0c40,1,0001d42d,00005bf0
393,393,0,f42a76a279585ebf23c0af7e625e0c40,1,0001d42d,00005bf0
394,394,0,f42a76a279585ebf23c0af7e625e0c40,1,0001d42d,00005bf0
395,395,0,f42a76a279585ebf23c0af7e625e0c40,1,0001d42d,00005bf0
396,396,0,f42a76a279585ebf23c0af7e625e0c40,1,0001d42d,00005bf0
397,397,0,f42a76a279585ebf23c0af7e625e0c40,1,0001d42d,00005bf0
398,398,0,f42a76a279585ebf23c0af7e625e0c40,1,0001d42d,00005bf0
399,399,0,f42a76a279585ebf23c0af7e625e0c40,1,0001d42d,00005bf0
400,400,0,f42a76a279585ebf23c0af7e625e0c40,1,0001d42d,00005bf0
401,401,0,f42a76a279585ebf23c0af7e625e0c40,1,0001d42d,00005bf0
402,402,0,f42a76a279585ebf23c0af7e625e0c40,1,0001d42d,00005bf0
403,403,0,f42a76a279585ebf23c0af7e625e0c40,1,0001d42d,00005bf0
404,404,0,f42a76a279585ebf23c0af7e625e0c40,1,0001d42d,00005bf0
405,405,0,f42a76a279585ebf23c0af7e625e0c40,1,0001d42d,00005bf0
406,406,0,f42a76a279585ebf23c0af7e625e0c40,1,0001d42d,00005bf0
407,407,0,f42a76a279585ebf23c0af7e625e0c40,1,0001d42d,00005bf0
408,408,0,f42a76a279585ebf23c0af7e625e0c40,1,0001d42d,00005bf0
409,409,0,f42a76a279585ebf23c0af7e625e0c40,1,0001d42d,00005bf0
410,410,0,f42a76a279585ebf23c0af7e625e0c40,1,0001d42d,00005bf0
411,411,0,f42a76a279585ebf23c0af7e625e0c40,1,0001d42d,00005bf0
412,412,0,f42a76a279585ebf23c0af7e625e0c40,1,0001d42d,00005bf0
413,413,0,f42a76a279585ebf23c0af7e625e0c40,1,0001d42d,00005bf0
414,414,0,f42a76a279585ebf23c0af7e625e0c40,1,0001d42d,00005bf0
415,415,0,f42a76a279585ebf23c0af7e625e0c40,1,0001d42d,00005bf0
416,416,0,f42a76a279585ebf23c0af7e625e0c40,1,0001d42d,00005bf0
417,417,0,f42a76a279585ebf23c0af7e625e0c40,1,0001d42d,00005bf0
418,418,0,f42a76a279585ebf23c0af7e625e0c40,1,0001d42d,00005bf0
419,419,0,f42a76a279585ebf23c0af7e625e0c40,1,0001d42d,00005bf0
420,420,0,f42a76a279585ebf23c0af7e625e0c40,1,0001d42d,00005bf0
421,421,0,f42a76a279585ebf23c0af7e625e0c40,1,0001d42d,00005bf0
422,422,0,f42a76a279585ebf23c0af7e625e0c40,1,0001d42d,00005bf0
423,423,0,f42a76a279585ebf23c0af7e625e0c40,1,0001d42d,00005bf0
424,424,0,f42a76a279585ebf23c0af7e625e0c40,1,0001d42d,00005bf0
425,425,0,f42a76a279585ebf23c0af7e625e0c40,1,0001d42d,00005bf0
426,426,0,f42a76a279585ebf23c0af7e625e0c40,1,0001d42d,00005bf0
427,427,0,f42a76a279585ebf23c0af7e625e0c40,1,0001d42d,00005bf0
428,428,0,f42a76a279585ebf23c0af7e625e0c40,1,0001d42d,00005bf0
429,429,0,f42a76a279585ebf23c0af7e625e0c40,1,0001d42d,00005bf0
430,430,0,f42a76a279585ebf23c0af7e625e0c40,1,0001d42d,00005bf0
431,431,0,f42a76a279585ebf23c0af7e625e0c40,1,0001d42d,00005bf0
432,432,0,f42a76a279585ebf23c0af7e625e0c40,1,0001d42d,00005bf0
433,433,0,f42a76a279585ebf23c0af7e625e0c40,1,0001d42d,00005bf0
434,434,0,f42a76a279585ebf23c0af7e625e0c40,1,0001d42d,00005bf0
435,435,0,f42a76a279585ebf23c0af7e625e0c40,1,0001d42d,00005bf0
436,436,0,f42a76a279585ebf23c0af7e625e0c40,1,0001d42d,00005bf0
437,437,0,f42a76a279585ebf23c0af7e625e0c40,1,0001d42d,00005bf0
438,438,0,f42a76a279585ebf23c0af7e625e0c40,1,0001d42d,00005bf0
439,439,0,f42a76a279585ebf23c0af7e625e0c40,1,0001d42d,00005bf0
440,440,0,f42a76a279585ebf23c0af7e625e0c40,1,0001d42d,00005bf0
441,441,0,f42a76a279585ebf23c0af7e625e0c40,1,0001d42d,00005bf0
442,442,0,f42a76a279585ebf23c0af7e625e0c40,1,0001d42d,00005bf0
443,443,0,f42a76a279585ebf23c0af7e625e0c40,1,0001d42d,00005bf0
444,444,0,f42a76a279585ebf23c0af7e625e0c40,1,0001d42d,00005bf0
445,445,0,f42a76a279585ebf23c0af7e625e0c40,1,0001d42d,00005bf0
446,446,0,f42a76a279585ebf23c0af7e625e0c40,1,0001d42d,00005bf0
447,447,0,f42a76a279585ebf23c0af7e625e0c40,1,0001d42d,00005bf0
448,448,0,f42a76a279585ebf23c0af7e625e0c40,1,0001d42d,00005bf0
449,449,0,f42a76a279585ebf23c0af7e625e0c40,1,0001d42d,00005bf0
450,450,0,f42a76a279585ebf23c0af7e625e0c40,1,0001d42d,00005bf0
451,451,0,f42a76a279585ebf23c0af7e625e0c40,1,0001d42d,00005bf0
452,452,0,f42a76a279585ebf23c0af7e625e0c40,1,0001d42d,00005bf0
453,453,0,f42a76a279585ebf23c0af7e625e0c40,1,0001d42d,00005bf0
454,454,0,f42a76a279585ebf23c0af7e625e0c40,1,0001d42d,00005bf0
455,455,0,f42a76a279585ebf23c0af7e625e0c40,1,0001d42d,00005bf0
456,456,0,f42a76a279585ebf23c0af7e625e0c40,1,0001d42d,00005bf0
457,457,0,f42a76a279585ebf23c0af7e625e0c40,1,0001d42d,00005bf0
458,458,0,f42a76a279585ebf23c0af7e625e0c40,1,0001d42d,00005bf0
459,459,0,f42a76a279585ebf23c0af7e625e0c40,1,0001d42d,00005bf0
460,460,0,f42a76a279585ebf23c0af7e625e0c40,1,0001d42d,00005bf0
461,461,0,f42a76a279585ebf23c0af7e625e0c40,1,0001d42d,00005bf0
462,462,0,f42a76a279585ebf23c0af7e625e0c40,1,0001d42d,00005bf0
463,463,0,f42a76a279585ebf23c0af7e625e0c40,1,0001d42d,00005bf0
464,464,0,f42a76a279585ebf23c0af7e625e0c40,1,0001d42d,00005bf0
465,465,0,f42a76a279585ebf23c0af7e625e0c40,1,0001d42d,00005bf0
466,466,0,f42a76a279585ebf23c0af7e625e0c40,1,0001d42d,00005bf0
467,467,0,f42a76a279585ebf23c0af7e625e0c40,1,0001d42d,00005bf0
468,468,0,f42a76a279585ebf23c0af7e625e0c40,1,0001d42d,00005bf0
469,469,0,f42a76a279585ebf23c0af7e625e0c40,1,0001d42d,00005bf0
470,470,0,f42a76a279585ebf23c0af7e625e0c40,1,0001d42d,00005bf0
471,471,0,f42a76a279585ebf23c0af7e625e0c40,1,0001d42d,00005bf0
472,472,0,f42a76a279585ebf23c0af7e625e0c40,1,0001d42d,00005bf0
473,473,0,f42a76a279585ebf23c0af7e625e0c40,1,0001d42d,00005bf0
474,474,0,f42a76a279585ebf23c0af7e625e0c40,1,0001d42d,00005bf0
475,475,0,f42a76a279585ebf23c0af7e625e0c40,1,0001d42d,00005bf0
476,476,0,f42a76a279585ebf23c0af7e625e0c40,1,0001d42d,00005bf0
477,477,0,f42a76a279585ebf23c0af7e625e0c40,1,0001d42d,00005bf0
478,478,0,f42a76a279585ebf23c0af7e625e0c40,1,0001d42d,00005bf0
479,479,0,f42a76a279585ebf23c0af7e625e0c40,1,0001d42d,00005bf0
480,480,0,f42a76a279585ebf23c0af7e625e0c40,1,0001d42d,00005bf0
481,481,0,f42a76a279585ebf23c0af7e625e0c40,1,0001d42d,00005bf0
482,482,0,f42a76a279585ebf23c0af7e625e0c40,1,0001d42d,00005bf0
483,483,0,f42a76a279585ebf23c0af7e625e0c40,1,0001d42d,00005bf0
484,484,0,f42a76a279585ebf23c0af7e625e0c40,1,0001d42d,00005bf0
485,485,0,f42a76a279585ebf23c0af7e625e0c40,1,0001d42d,00005bf0
486,486,0,f42a76a279585ebf23c0af7e625e0c40,1,0001d42d,00005bf0
487,487,0,f42a76a279585ebf23c0af7e625e0c40,1,0001d42d,00005bf0
488,488,0,f42a76a279585ebf23c0af7e625e0c40,1,0001d42d,00005bf0
489,489,0,f42a76a279585ebf23c0af7e625e0c40,1,0001d42d,00005bf0
490,490,0,f42a76a279585ebf23c0af7e625e0c40,1,0001d42d,00005bf0
491,491,0,f42a76a279585ebf23c0af7e625e0c40,1,0001d42d,00005bf0
492,492,0,f42a76a279585ebf23c0af7e625e0c40,1,0001d42d,00005bf0
493,493,0,f42a76a279585ebf23c0af7e625e0c40,1,0001d42d,00005bf0
494,494,0,f42a76a279585ebf23c0af7e625e0c40,1,0001d42d,00005bf0
495,495,0,f42a76a279585ebf23c0af7e625e0c40,1,0001d42d,00005bf0
496,496,0,f42a76a279585ebf23c0af7e625e0c40,1,0001d42d,00005bf0
497,497,0,f42a76a279585ebf23c0af7e625e0c40,1,0001d42d,00005bf0
498,498,0,f42a76a279585ebf23c0af7e625e0c40,1,0001d42d,00005bf0
499,499,0,f42a76a279585ebf23c0af7e625e0c40,1,0001d42d,00005bf0
500,500,0,f42a76a279585ebf23c0af7e625e0c40,1,0001d42d,00005bf0
501,501,0,f42a76a279585ebf23c0af7e625e0c40,1,0001d42d,00005bf0
502,502,0,f42a76a279585ebf23c0af7e625e0c40,1,0001d42d,00005bf0
503,503,0,f42a76a279585ebf23c0af7e625e0c40,1,0001d42d,00005bf0
504,504,0,f42a76a279585ebf23c0af7e625e0c40,1,0001d42d,00005bf0
505,505,0,f42a76a279585ebf23c0af7e625e0c40,1,0001d42d,00005bf0
506,506,0,f42a76a279585ebf23c0af7e625e0c40,1,0001d42d,00005bf0
507,507,0,f42a76a279585ebf23c0af7e625e0c40,1,0001d42d,00005bf0
508,508,0,f42a76a279585ebf23c0af7e625e0c40,1,0001d42d,00005bf0
509,509,0,f42a76a279585ebf23c0af7e625e0c40,1,0001d42d,00005bf0
510,510,0,f42a76a279585ebf23c0af7e625e0c40,1,0001d42d,00005bf0
511,511,0,f42a76a279585ebf23c0af7e625e0c40,1,0001d42d,00005bf0
512,512,0,f42a76a279585ebf23c0af7e625e0c40,1,0001d42d,00005bf0
513,513,0,f42a76a279585ebf23c0af7e625e0c40,1,0001d42d,00005bf0
514,514,0,f42a76a279585ebf23c0af7e625e0c40,1,0001d42d,00005bf0
515,515,0,f42a76a279585ebf23c0af7e625e0c40,1,0001d42d,00005bf0
516,516,0,f42a76a279585ebf23c0af7e625e0c40,1,0001d42d,00005bf0
517,517,0,f42a76a279585ebf23c0af7e625e0c40,1,0001d42d,00005bf0
518,518,0,f42a76a279585ebf23c0af7e625e0c40,1,0001d42d,00005bf0
519,519,0,f42a76a279585ebf23c0af7e625e0c40,1,0001d42d,00005bf0
520,520,0,f42a76a279585ebf23c0af7e625e0c40,1,0001d42d,00005bf0
521,521,0,f42a76a279585ebf23c0af7e625e0c40,1,0001d42d,00005bf0
522,522,0,f42a76a279585ebf23c0af7e625e0c40,1,0001d42d,00005bf0
523,523,0,f42a76a279585ebf23c0af7e625e0c40,1,0001d42d,00005bf0
524,524,0,f42a76a279585ebf23c0af7e625e0c40,1,0001d42d,00005bf0
525,525,0,f42a76a279585ebf23c0af7e625e0c40,1,0001d42d,00005bf0
526,526,0,f42a76a279585ebf23c0af7e625e0c40,1,0001d42d,00005bf0
527,527,0,f42a76a279585ebf23c0af7e625e0c40,1,0001d42d,00005bf0
528,528,0,f42a76a279585ebf23c0af7e625e0c40,1,0001d42d,00005bf0
529,529,0,f42a76a279585ebf23c0af7e625e0c40,1,0001d42d,00005bf0
530,530,0,f42a76a279585ebf23c0af7e625e0c40,1,0001d42d,00005bf0
531,531,0,f42a76a279585ebf23c0af7e625e0c40,1,0001d42d,00005bf0
532,532,0,f42a76a279585ebf23c0af7e625e0c40,1,0001d42d,00005bf0
533,533,0,f42a76a279585ebf23c0af7e625e0c40,1,0001d42d,00005bf0
534,534,0,f42a76a279585ebf23c0af7e625e0c40,1,0001d42d,00005bf0
535,535,0,f42a76a279585ebf23c0af7e625e0c40,1,0001d42d,00005bf0
536,536,0,f42a76a279585ebf23c0af7e625e0c40,1,0001d42d,00005bf0
537,537,0,f42a76a279585ebf23c0af7e625e0c40,1,0001d42d,00005bf0
538,538,0,f42a76a279585ebf23c0af7e625e0c40,1,0001d42d,00005bf0
539,539,0,f42a76a279585ebf23c0af7e625e0c40,1,0001d42d,00005bf0
540,540,0,f42a76a279585ebf23c0af7e625e0c40,1,0001d42d,00005bf0
541,541,0,f42a76a279585ebf23c0af7e625e0c40,1,0001d42d,00005bf0
542,542,0,f42a76a279585ebf23c0af7e625e0c40,1,0001d42d,00005bf0
543,543,0,f42a76a279585ebf23c0af7e625e0c40,1,0001d42d,00005bf0
544,544,0,f42a76a279585ebf23c0af7e625e0c40,1,0001d42d,00005bf0
545,545,0,f42a76a279585ebf23c0af7e625e0c40,1,0001d42d,00005bf0
546,546,0,f42a76a279585ebf23c0af7e625e0c40,1,0001d42d,00005bf0
547,547,0,f42a76a279585ebf23c0af7e625e0c40,1,0001d42d,00005bf0
548,548,0,f42a76a279585ebf23c0af7e625e0c40,1,0001d42d,00005bf0
549,549,0,f42a76a279585ebf23c0af7e625e0c40,1,0001d42d,00005bf0
550,550,0,f42a76a279585ebf23c0af7e625e0c40,1,0001d42d,00005bf0
551,551,0,f42a76a279585ebf23c0af7e625e0c40,1,0001d42d,00005bf0
552,552,0,f42a76a279585ebf23c0af7e625e0c40,1,0001d42d,00005bf0
553,553,0,f42a76a279585ebf23c0af7e625e0c40,1,0001d42d,00005bf0
554,554,0,f42a76a279585ebf23c0af7e625e0c40,1,0001d42d,00005bf0
555,555,0,f42a76a279585ebf23c0af7e625e0c40,1,0001d42d,00005bf0
556,556,0,f42a76a279585ebf23c0af7e625e0c40,1,0001d42d,00005bf0
557,557,0,f42a76a279585ebf23c0af7e625e0c40,1,0001d42d,00005bf0
558,558,0,f42a76a279585ebf23c0af7e625e0c40,1,0001d42d,00005bf0
559,559,0,f42a76a279585ebf23c0af7e625e0c40,1,0001d42d,00005bf0
560,560,0,f42a76a279585ebf23c0af7e625e0c40,1,0001d42d,00005bf0
561,561,0,f42a76a279585ebf23c0af7e625e0c40,1,0001d42d,00005bf0
562,562,0,f42a76a279585ebf23c0af7e625e0c40,1,0001d42d,00005bf0
563,563,0,f42a76a279585ebf23c0af7e625e0c40,1,0001d42d,00005bf0
564,564,0,f42a76a279585ebf23c0af7e625e0c40,1,0001d42d,00005bf0
565,565,0,f42a76a279585ebf23c0af7e625e0c40,1,0001d42d,00005bf0
566,566,0,f42a76a279585ebf23c0af7e625e0c40,1,0001d42d,00005bf0
567,567,0,f42a76a279585ebf23c0af7e625e0c40,1,0001d42d,00005bf0
568,568,0,f42a76a279585ebf23c0af7e625e0c40,1,0001d42d,00005bf0
569,569,0,f42a76a279585ebf23c0af7e625e0c40,1,0001d42d,00005bf0
570,570,0,f42a76a279585ebf23c0af7e625e0c40,1,0001d42d,00005bf0
571,571,0,f42a76a279585ebf23c0af7e625e0c40,1,0001d42d,00005bf0
572,572,0,f42a76a279585ebf23c0af7e625e0c40,1,0001d42d,00005bf0
573,573,0,f42a76a279585ebf23c0af7e625e0c40,1,0001d42d,00005bf0
574,574,0,f42a76a279585ebf23c0af7e625e0c40,1,0001d42d,00005bf0
575,575,0,f42a76a279585ebf23c0af7e625e0c40,1,0001d42d,00005bf0
576,576,0,f42a76a279585ebf23c0af7e625e0c40,1,0001d42d,00005bf0
577,577,0,f42a76a279585ebf23c0af7e625e0c40,1,0001d42d,00005bf0
578,578,0,f42a76a279585ebf23c0af7e625e0c40,1,0001d42d,00005bf0
579,579,0,f42a76a279585ebf23c0af7e625e0c40,1,0001d42d,00005bf0
580,580,0,f42a76a279585ebf23c0af7e625e0c40,1,0001d42d,00005bf0
581,581,0,f42a76a279585ebf23c0af7e625e0c40,1,0001d42d,00005bf0
582,582,0,f42a76a279585ebf23c0af7e625e0c40,1,0001d42d,00005bf0
583,583,0,f42a76a279585ebf23c0af7e625e0c40,1,0001d42d,00005bf0
584,584,0,f42a76a279585ebf23c0af7e625e0c40,1,0001d42d,00005bf0
585,585,0,f42a76a279585ebf23c0af7e625e0c40,1,0001d42d,00005bf0
586,586,0,f42a76a279585ebf23c0af7e625e0c40,1,0001d42d,00005bf0
587,587,0,f42a76a279585ebf23c0af7e625e0c40,1,0001d42d,00005bf0
588,588,0,f42a76a279585ebf23c0af7e625e0c40,1,0001d42d,00005bf0
589,589,0,f42a76a279585ebf23c0af7e625e0c40,1,0001d42d,00005bf0
590,590,0,f42a76a279585ebf23c0af7e625e0c40,1,0001d42d,00005bf0
591,591,0,f42a76a279585ebf23c0af7e625e0c40,1,0001d42d,00005bf0
592,592,0,f42a76a279585ebf23c0af7e625e0c40,1,0001d42d,00005bf0
593,593,0,f42a76a279585ebf23c0af7e625e0c40,1,0001d42d,00005bf0
594,594,0,f42a76a279585ebf23c0af7e625e0c40,1,0001d42d,00005bf0
595,595,0,f42a76a279585ebf23c0af7e625e0c40,1,0001d42d,00005bf0
596,596,0,f42a76a279585ebf23c0af7e625e0c40,1,0001d42d,00005bf0
597,597,0,f42a76a279585ebf23c0af7e625e0c40,1,0001d42d,00005bf0
598,598,0,f42a76a279585ebf23c0af7e625e0c40,1,0001d42d,00005bf0
599,599,0,f42a76a279585ebf23c0af7e625e0c40,1,0001d42d,00005bf0
600,600,0,f42a76a279585ebf23c0af7e625e0c40,1,0001d42d,00005bf0
601,601,0,f42a76a279585ebf23c0af7e625e0c40,1,0001d42d,00005bf0
602,602,0,f42a76a279585ebf23c0af7e625e0c40,1,0001d42d,00005bf0
603,603,0,f42a76a279585ebf23c0af7e625e0c40,1,0001d42d,00005bf0
604,604,0,f42a76a279585ebf23c0af7e625e0c40,1,0001d42d,00005bf0
605,605,0,f42a76a279585ebf23c0af7e625e0c40,1,0001d42d,00005bf0
606,606,0,f42a76a279585ebf23c0af7e625e0c40,1,0001d42d,00005bf0
607,607,0,f42a76a279585ebf23c0af7e625e0c40,1,0001d42d,00005bf0
608,608,0,f42a76a279585ebf23c0af7e625e0c40,1,0001d42d,00005bf0
609,609,0,f42a76a279585ebf23c0af7e625e0c40,1,0001d42d,00005bf0
610,610,0,f42a76a279585ebf23c0af7e625e0c40,1,0001d42d,00005bf0
611,611,0,f42a76a279585ebf23c0af7e625e0c40,1,0001d42d,00005bf0
612,612,0,f42a76a279585ebf23c0af7e625e0c40,1,0001d42d,00005bf0
613,613,0,f42a76a279585ebf23c0af7e625e0c40,1,0001d42d,00005bf0
614,614,0,f42a76a279585ebf23c0af7e625e0c40,1,0001d42d,00005bf0
615,615,0,f42a76a279585ebf23c0af7e625e0c40,1,0001d42d,00005bf0
616,616,0,f42a76a279585ebf23c0af7e625e0c40,1,0001d42d,00005bf0
617,617,0,f42a76a279585ebf23c0af7e625e0c40,1,0001d42d,00005bf0
618,618,0,f42a76a279585ebf23c0af7e625e0c40,1,0001d42d,00005bf0
619,619,0,f42a76a279585ebf23c0af7e625e0c40,1,0001d42d,00005bf0
620,620,0,f42a76a279585ebf23c0af7e625e0c40,1,0001d42d,00005bf0
621,621,0,f42a76a279585ebf23c0af7e625e0c40,1,0001d42d,00005bf0
622,622,0,f42a76a279585ebf23c0af7e625e0c40,1,0001d42d,00005bf0
623,623,0,f42a76a279585ebf23c0af7e625e0c40,1,0001d42d,00005bf0
624,624,0,f42a76a279585ebf23c0af7e625e0c40,1,0001d42d,00005bf0
625,625,0,f42a76a279585ebf23c0af7e625e0c40,1,0001d42d,00005bf0
626,626,0,f42a76a279585ebf23c0af7e625e0c40,1,0001d42d,00005bf0
627,627,0,f42a76a279585ebf23c0af7e625e0c40,1,0001d42d,00005bf0
628,628,0,f42a76a279585ebf23c0af7e625e0c40,1,0001d42d,00005bf0
629,629,0,f42a76a279585ebf23c0af7e625e0c40,1,0001d42d,00005bf0
630,630,0,f42a76a279585ebf23c0af7e625e0c40,1,0001d42d,00005bf0
631,631,0,f42a76a279585ebf23c0af7e625e0c40,1,0001d42d,00005bf0
632,632,0,f42a76a279585ebf23c0af7e625e0c40,1,0001d42d,00005bf0
633,633,0,f42a76a279585ebf23c0af7e625e0c40,1,0001d42d,00005bf0
634,634,0,f42a76a279585ebf23c0af7e625e0c40,1,0001d42d,00005bf0
635,635,0,f42a76a279585ebf23c0af7e625e0c40,1,0001d42d,00005bf0
636,636,0,f42a76a279585ebf23c0af7e625e0c40,1,0001d42d,00005bf0
637,637,0,f42a76a279585ebf23c0af7e625e0c40,1,0001d42d,00005bf0
638,638,0,f42a76a279585ebf23c0af7e625e0c40,1,0001d42d,00005bf0
639,639,0,f42a76a279585ebf23c0af7e625e0c40,1,0001d42d,00005bf0
640,640,0,f42a76a279585ebf23c0af7e625e0c40,1,0001d42d,00005bf0
641,641,0,f42a76a279585ebf23c0af7e625e0c40,1,0001d42d,00005bf0
642,642,0,f42a76a279585ebf23c0af7e625e0c40,1,0001d42d,00005bf0
643,643,0,f42a76a279585ebf23c0af7e625e0c40,1,0001d42d,00005bf0
644,644,0,f42a76a279585ebf23c0af7e625e0c40,1,0001d42d,00005bf0
645,645,0,f42a76a279585ebf23c0af7e625e0c40,1,0001d42d,00005bf0
646,646,0,f42a76a279585ebf23c0af7e625e0c40,1,0001d42d,00005bf0
647,647,0,f42a76a279585ebf23c0af7e625e0c40,1,0001d42d,00005bf0
648,648,0,f42a76a279585ebf23c0af7e625e0c40,1,0001d42d,00005bf0
649,649,0,f42a76a279585ebf23c0af7e625e0c40,1,0001d42d,00005bf0
650,650,0,f42a76a279585ebf23c0af7e625e0c40,1,0001d42d,00005bf0
651,651,0,f42a76a279585ebf23c0af7e625e0c40,1,0001d42d,00005bf0
652,652,0,f42a76a279585ebf23c0af7e625e0c40,1,0001d42d,00005bf0
653,653,0,f42a76a279585ebf23c0af7e625e0c40,1,0001d42d,00005bf0
654,654,0,f42a76a279585ebf23c0af7e625e0c40,1,0001d42d,00005bf0
655,655,0,f42a76a279585ebf23c0af7e625e0c40,1,0001d42d,00005bf0
656,656,0,f42a76a279585ebf23c0af7e625e0c40,1,0001d42d,00005bf0
657,657,0,f42a76a279585ebf23c0af7e625e0c40,1,0001d42d,00005bf0
658,658,0,f42a76a279585ebf23c0af7e625e0c40,1,0001d42d,00005bf0
659,659,0,f42a76a279585ebf23c0af7e625e0c40,1,0001d42d,00005bf0
660,660,0,f42a76a279585ebf23c0af7e625e0c40,1,0001d42d,00005bf0
661,661,0,f42a76a279585ebf23c0af7e625e0c40,1,0001d42d,00005bf0
662,662,0,f42a76a279585ebf23c0af7e625e0c40,1,0001d42d,00005bf0
663,663,0,f42a76a279585ebf23c0af7e625e0c40,1,0001d42d,00005bf0
664,664,0,f42a76a279585ebf23c0af7e625e0c40,1,0001d42d,00005bf0
665,665,0,f42a76a279585ebf23c0af7e625e0c40,1,0001d42d,00005bf0
666,666,0,f42a76a279585ebf23c0af7e625e0c40,1,0001d42d,00005bf0
667,667,0,f42a76a279585ebf23c0af7e625e0c40,1,0001d42d,00005bf0
668,668,0,f42a76a279585ebf23c0af7e625e0c40,1,0001d42d,00005bf0
669,669,0,f42a76a279585ebf23c0af7e625e0c40,1,0001d42d,00005bf0
670,670,0,f42a76a279585ebf23c0af7e625e0c40,1,0001d42d,00005bf0
671,671,0,f42a76a279585ebf23c0af7e625e0c40,1,0001d42d,00005bf0
672,672,0,f42a76a279585ebf23c0af7e625e0c40,1,0001d42d,00005bf0
673,673,0,f42a76a279585ebf23c0af7e625e0c40,1,0001d42d,00005bf0
674,674,0,f42a76a279585ebf23c0af7e625e0c40,1,0001d42d,00005bf0
675,675,0,f42a76a279585ebf23c0af7e625e0c40,1,0001d42d,00005bf0
676,676,0,f42a76a279585ebf23c0af7e625e0c40,1,0001d42d,00005bf0
677,677,0,f42a76a279585ebf23c0af7e625e0c40,1,0001d42d,00005bf0
678,678,0,f42a76a279585ebf23c0af7e625e0c40,1,0001d42d,00005bf0
679,679,0,f42a76a279585ebf23c0af7e625e0c40,1,0001d42d,00005bf0
680,680,0,f42a76a279585ebf23c0af7e625e0c40,1,0001d42d,00005bf0
681,681,0,f42a76a279585ebf23c0af7e625e0c40,1,0001d42d,00005bf0
682,682,0,f42a76a279585ebf23c0af7e625e0c40,1,0001d42d,00005bf0
683,683,0,f42a76a279585ebf23c0af7e625e0c40,1,0001d42d,00005bf0
684,684,0,f42a76a279585ebf23c0af7e625e0c40,1,0001d42d,00005bf0
685,685,0,f42a76a279585ebf23c0af7e625e0c40,1,0001d42d,00005bf0
686,686,0,f42a76a279585ebf23c0af7e625e0c40,1,0001d42d,00005bf0
687,687,0,f42a76a279585ebf23c0af7e625e0c40,1,0001d42d,00005bf0
688,688,0,f42a76a279585ebf23c0af7e625e0c40,1,0001d42d,00005bf0
689,689,0,f42a76a279585ebf23c0af7e625e0c40,1,0001d42d,00005bf0
690,690,0,f42a76a279585ebf23c0af7e625e0c40,1,0001d42d,00005bf0
691,691,0,f42a76a279585ebf23c0af7e625e0c40,1,0001d42d,00005bf0
692,692,0,f42a76a279585ebf23c0af7e625e0c40,1,0001d42d,00005bf0
693,693,0,f42a76a279585ebf23c0af7e625e0c40,1,0001d42d,00005bf0
694,694,0,f42a76a279585ebf23c0af7e625e0c40,1,0001d42d,00005bf0
695,695,0,f42a76a279585ebf23c0af7e625e0c40,1,0001d42d,00005bf0
696,696,0,f42a76a279585ebf23c0af7e625e0c40,1,0001d42d,00005bf0
697,697,0,f42a76a279585ebf23c0af7e625e0c40,1,0001d42d,00005bf0
698,698,0,f42a76a279585ebf23c0af7e625e0c40,1,0001d42d,00005bf0
699,699,0,f42a76a279585ebf23c0af7e625e0c40,1,0001d42d,00005bf0
700,700,0,f42a76a279585ebf23c0af7e625e0c40,1,0001d42d,00005bf0
701,701,0,f42a76a279585ebf23c0af7e625e0c40,1,0001d42d,00005bf0
702,702,0,f42a76a279585ebf23c0af7e625e0c40,1,0001d42d,00005bf0
703,703,0,f42a76a279585ebf23c0af7e625e0c40,1,0001d42d,00005bf0
704,704,0,f42a76a279585ebf23c0af7e625e0c40,1,0001d42d,00005bf0
705,705,0,f42a76a279585ebf23c0af7e625e0c40,1,0001d42d,00005bf0
706,706,0,f42a76a279585ebf23c0af7e625e0c40,1,0001d42d,00005bf0
707,707,0,f42a76a279585ebf23c0af7e625e0c40,1,0001d42d,00005bf0
708,708,0,f42a76a279585ebf23c0af7e625e0c40,1,0001d42d,00005bf0
709,709,0,f42a76a279585ebf23c0af7e625e0c40,1,0001d42d,00005bf0
710,710,0,f42a76a279585ebf23c0af7e625e0c40,1,0001d42d,00005bf0
711,711,0,f42a76a279585ebf23c0af7e625e0c40,1,0001d42d,00005bf0
712,712,0,f42a76a279585ebf23c0af7e625e0c40,1,0001d42d,00005bf0
713,713,0,f42a76a279585ebf23c0af7e625e0c40,1,0001d42d,00005bf0
714,714,0,f42a76a279585ebf23c0af7e625e0c40,1,0001d42d,00005bf0
715,715,0,f42a76a279585ebf23c0af7e625e0c40,1,0001d42d,00005bf0
716,716,0,f42a76a279585ebf23c0af7e625e0c40,1,0001d42d,00005bf0
717,717,0,f42a76a279585ebf23c0af7e625e0c40,1,0001d42d,00005bf0
718,718,0,f42a76a279585ebf23c0af7e625e0c40,1,0001d42d,00005bf0
719,719,0,f42a76a279585ebf23c0af7e625e0c40,1,0001d42d,00005bf0
720,720,0,f42a76a279585ebf23c0af7e625e0c40,1,0001d42d,00005bf0
721,721,0,f42a76a279585ebf23c0af7e625e0c40,1,0001d42d,00005bf0
722,722,0,f42a76a279585ebf23c0af7e625e0c40,1,0001d42d,00005bf0
723,723,0,f42a76a279585ebf23c0af7e625e0c40,1,0001d42d,00005bf0
724,724,0,f42a76a279585ebf23c0af7e625e0c40,1,0001d42d,00005bf0
725,725,0,f42a76a279585ebf23c0af7e625e0c40,1,0001d42d,00005bf0
726,726,0,f42a76a279585ebf23c0af7e625e0c40,1,0001d42d,00005bf0
727,727,0,f42a76a279585ebf23c0af7e625e0c40,1,0001d42d,00005bf0
728,728,0,f42a76a279585ebf23c0af7e625e0c40,1,0001d42d,00005bf0
729,729,0,f42a76a279585ebf23c0af7e625e0c40,1,0001d42d,00005bf0
730,730,0,f42a76a279585ebf23c0af7e625e0c40,1,0001d42d,00005bf0
731,731,0,f42a76a279585ebf23c0af7e625e0c40,1,0001d42d,00005bf0
732,732,0,f42a76a279585ebf23c0af7e625e0c40,1,0001d42d,00005bf0
733,733,0,f42a76a279585ebf23c0af7e625e0c40,1,0001d42d,00005bf0
734,734,0,f42a76a279585ebf23c0af7e625e0c40,1,0001d42d,00005bf0
735,735,0,f42a76a279585ebf23c0af7e625e0c40,1,0001d42d,00005bf0
736,736,0,f42a76a279585ebf23c0af7e625e0c40,1,0001d42d,00005bf0
737,737,0,f42a76a279585ebf23c0af7e625e0c40,1,0001d42d,00005bf0
738,738,0,f42a76a279585ebf23c0af7e625e0c40,1,0001d42d,00005bf0
739,739,0,f42a76a279585ebf23c0af7e625e0c40,1,0001d42d,00005bf0
740,740,0,f42a76a279585ebf23c0af7e625e0c40,1,0001d42d,00005bf0
741,741,0,f42a76a279585ebf23c0af7e625e0c40,1,0001d42d,00005bf0
742,742,0,f42a76a279585ebf23c0af7e625e0c40,1,0001d42d,00005bf0
743,743,0,f42a76a279585ebf23c0af7e625e0c40,1,0001d42d,00005bf0
744,744,0,f42a76a279585ebf23c0af7e625e0c40,1,0001d42d,00005bf0
745,745,0,f42a76a279585ebf23c0af7e625e0c40,1,0001d42d,00005bf0
746,746,0,f42a76a279585ebf23c0af7e625e0c40,1,0001d42d,00005bf0
747,747,0,f42a76a279585ebf23c0af7e625e0c40,1,0001d42d,00005bf0
748,748,0,f42a76a279585ebf23c0af7e625e0c40,1,0001d42d,00005bf0
749,749,0,f42a76a279585ebf23c0af7e625e0c40,1,0001d42d,00005bf0
750,750,0,f42a76a279585ebf23c0af7e625e0c40,1,0001d42d,00005bf0
751,751,0,f42a76a279585ebf23c0af7e625e0c40,1,0001d42d,00005bf0
752,752,0,f42a76a279585ebf23c0af7e625e0c40,1,0001d42d,00005bf0
753,753,0,f42a76a279585ebf23c0af7e625e0c40,1,0001d42d,00005bf0
754,754,0,f42a76a279585ebf23c0af7e625e0c40,1,0001d42d,00005bf0
755,755,0,f42a76a279585ebf23c0af7e625e0c40,1,0001d42d,00005bf0
756,756,0,f42a76a279585ebf23c0af7e625e0c40,1,0001d42d,00005bf0
757,757,0,f42a76a279585ebf23c0af7e625e0c40,1,0001d42d,00005bf0
758,758,0,f42a76a279585ebf23c0af7e625e0c40,1,0001d42d,00005bf0
759,759,0,f42a76a279585ebf23c0af7e625e0c40,1,0001d42d,00005bf0
760,760,0,f42a76a279585ebf23c0af7e625e0c40,1,0001d42d,00005bf0
761,761,0,f42a76a279585ebf23c0af7e625e0c40,1,0001d42d,00005bf0
762,762,0,f42a76a279585ebf23c0af7e625e0c40,1,0001d42d,00005bf0
763,763,0,f42a76a279585ebf23c0af7e625e0c40,1,0001d42d,00005bf0
764,764,0,f42a76a279585ebf23c0af7e625e0c40,1,0001d42d,00005bf0
765,765,0,f42a76a279585ebf23c0af7e625e0c40,1,0001d42d,00005bf0
766,766,0,f42a76a279585ebf23c0af7e625e0c40,1,0001d42d,00005bf0
767,767,0,f42a76a279585ebf23c0af7e625e0c40,1,0001d42d,00005bf0
768,768,0,f42a76a279585ebf23c0af7e625e0c40,1,0001d42d,00005bf0
769,769,0,f42a76a279585ebf23c0af7e625e0c40,1,0001d42d,00005bf0
770,770,0,f42a76a279585ebf23c0af7e625e0c40,1,0001d42d,00005bf0
771,771,0,f42a76a279585ebf23c0af7e625e0c40,1,0001d42d,00005bf0
772,772,0,f42a76a279585ebf23c0af7e625e0c40,1,0001d42d,00005bf0
773,773,0,f42a76a279585ebf23c0af7e625e0c40,1,0001d42d,00005bf0
774,774,0,f42a76a279585ebf23c0af7e625e0c40,1,0001d42d,00005bf0
775,775,0,f42a76a279585ebf23c0af7e625e0c40,1,0001d42d,00005bf0
776,776,0,f42a76a279585ebf23c0af7e625e0c40,1,0001d42d,00005bf0
777,777,0,f42a76a279585ebf23c0af7e625e0c40,1,0001d42d,00005bf0
778,778,0,f42a76a279585ebf23c0af7e625e0c40,1,0001d42d,00005bf0
779,779,0,f42a76a279585ebf23c0af7e625e0c40,1,0001d42d,00005bf0
780,780,0,f42a76a279585ebf23c0af7e625e0c40,1,0001d42d,00005bf0
781,781,0,f42a76a279585ebf23c0af7e625e0c40,1,0001d42d,00005bf0
782,782,0,f42a76a279585ebf23c0af7e625e0c40,1,0001d42d,00005bf0
783,783,0,f42a76a279585ebf23c0af7e625e0c40,1,0001d42d,00005bf0
784,784,0,f42a76a279585ebf23c0af7e625e0c40,1,0001d42d,00005bf0
785,785,0,f42a76a279585ebf23c0af7e625e0c40,1,0001d42d,00005bf0
786,786,0,f42a76a279585ebf23c0af7e625e0c40,1,0001d42d,00005bf0
787,787,0,f42a76a279585ebf23c0af7e625e0c40,1,0001d42d,00005bf0
788,788,0,f42a76a279585ebf23c0af7e625e0c40,1,0001d42d,00005bf0
789,789,0,f42a76a279585ebf23c0af7e625e0c40,1,0001d42d,00005bf0
790,790,0,f42a76a279585ebf23c0af7e625e0c40,1,0001d42d,00005bf0
791,791,0,f42a76a279585ebf23c0af7e625e0c40,1,0001d42d,00005bf0
792,792,0,f42a76a279585ebf23c0af7e625e0c40,1,0001d42d,00005bf0
793,793,0,f42a76a279585ebf23c0af7e625e0c40,1,0001d42d,00005bf0
794,794,0,f42a76a279585ebf23c0af7e625e0c40,1,0001d42d,00005bf0
795,795,0,f42a76a279585ebf23c0af7e625e0c40,1,0001d42d,00005bf0
796,796,0,f42a76a279585ebf23c0af7e625e0c40,1,0001d42d,00005bf0
797,797,0,f42a76a279585ebf23c0af7e625e0c40,1,0001d42d,00005bf0
798,798,0,f42a76a279585ebf23c0af7e625e0c40,1,0001d42d,00005bf0
799,799,0,f42a76a279585ebf23c0af7e625e0c40,1,0001d42d,00005bf0
800,800,0,f42a76a279585ebf23c0af7e625e0c40,1,0001d42d,00005bf0
801,801,0,f42a76a279585ebf23c0af7e625e0c40,1,0001d42d,00005bf0
802,802,0,f42a76a279585ebf23c0af7e625e0c40,1,0001d42d,00005bf0
803,803,0,f42a76a279585ebf23c0af7e625e0c40,1,0001d42d,00005bf0
804,804,0,f42a76a279585ebf23c0af7e625e0c40,1,0001d42d,00005bf0
805,805,0,f42a76a279585ebf23c0af7e625e0c40,1,0001d42d,00005bf0
806,806,0,f42a76a279585ebf23c0af7e625e0c40,1,0001d42d,00005bf0
807,807,0,f42a76a279585ebf23c0af7e625e0c40,1,0001d42d,00005bf0
808,808,0,f42a76a279585ebf23c0af7e625e0c40,1,0001d42d,00005bf0
809,809,0,f42a76a279585ebf23c0af7e625e0c40,1,0001d42d,00005bf0
810,810,0,f42a76a279585ebf23c0af7e625e0c40,1,0001d42d,00005bf0
811,811,0,f42a76a279585ebf23c0af7e625e0c40,1,0001d42d,00005bf0
812,812,0,f42a76a279585ebf23c0af7e625e0c40,1,0001d42d,00005bf0
813,813,0,f42a76a279585ebf23c0af7e625e0c40,1,0001d42d,00005bf0
814,814,0,f42a76a279585ebf23c0af7e625e0c40,1,0001d42d,00005bf0
815,815,0,f42a76a279585ebf23c0af7e625e0c40,1,0001d42d,00005bf0
816,816,0,f42a76a279585ebf23c0af7e625e0c40,1,0001d42d,00005bf0
817,817,0,f42a76a279585ebf23c0af7e625e0c40,1,0001d42d,00005bf0
818,818,0,f42a76a279585ebf23c0af7e625e0c40,1,0001d42d,00005bf0
819,819,0,f42a76a279585ebf23c0af7e625e0c40,1,0001d42d,00005bf0
820,820,0,f42a76a279585ebf23c0af7e625e0c40,1,0001d42d,00005bf0
821,821,0,f42a76a279585ebf23c0af7e625e0c40,1,0001d42d,00005bf0
822,822,0,f42a76a279585ebf23c0af7e625e0c40,1,0001d42d,00005bf0
823,823,0,f42a76a279585ebf23c0af7e625e0c40,1,0001d42d,00005bf0
824,824,0,f42a76a279585ebf23c0af7e625e0c40,1,0001d42d,00005bf0
825,825,0,f42a76a279585ebf23c0af7e625e0c40,1,0001d42d,00005bf0
826,826,0,f42a76a279585ebf23c0af7e625e0c40,1,0001d42d,00005bf0
827,827,0,f42a76a279585ebf23c0af7e625e0c40,1,0001d42d,00005bf0
828,828,0,f42a76a279585ebf23c0af7e625e0c40,1,0001d42d,00005bf0
829,829,0,f42a76a279585ebf23c0af7e625e0c40,1,0001d42d,00005bf0
830,830,0,f42a76a279585ebf23c0af7e625e0c40,1,0001d42d,00005bf0
831,831,0,f42a76a279585ebf23c0af7e625e0c40,1,0001d42d,00005bf0
832,832,0,f42a76a279585ebf23c0af7e625e0c40,1,0001d42d,00005bf0
833,833,0,f42a76a279585ebf23c0af7e625e0c40,1,0001d42d,00005bf0
834,834,0,f42a76a279585ebf23c0af7e625e0c40,1,0001d42d,00005bf0
835,835,0,f42a76a279585ebf23c0af7e625e0c40,1,0001d42d,00005bf0
836,836,0,f42a76a279585ebf23c0af7e625e0c40,1,0001d42d,00005bf0
837,837,0,f42a76a279585ebf23c0af7e625e0c40,1,0001d42d,00005bf0
838,838,0,f42a76a279585ebf23c0af7e625e0c40,1,0001d42d,00005bf0
839,839,0,f42a76a279585ebf23c0af7e625e0c40,1,0001d42d,00005bf0
840,840,0,f42a76a279585ebf23c0af7e625e0c40,1,0001d42d,00005bf0
841,841,0,f42a76a279585ebf23c0af7e625e0c40,1,0001d42d,00005bf0
842,842,0,f42a76a279585ebf23c0af7e625e0c40,1,0001d42d,00005bf0
843,843,0,f42a76a279585ebf23c0af7e625e0c40,1,0001d42d,00005bf0
844,844,0,f42a76a279585ebf23c0af7e625e0c40,1,0001d42d,00005bf0
845,845,0,f42a76a279585ebf23c0af7e625e0c40,1,0001d42d,00005bf0
846,846,0,f42a76a279585ebf23c0af7e625e0c40,1,0001d42d,00005bf0
847,847,0,f42a76a279585ebf23c0af7e625e0c40,1,0001d42d,00005bf0
848,848,0,f42a76a279585ebf23c0af7e625e0c40,1,0001d42d,00005bf0
849,849,0,f42a76a279585ebf23c0af7e625e0c40,1,0001d42d,00005bf0
850,850,0,f42a76a279585ebf23c0af7e625e0c40,1,0001d42d,00005bf0
851,851,0,f42a76a279585ebf23c0af7e625e0c40,1,0001d42d,00005bf0
852,852,0,f42a76a279585ebf23c0af7e625e0c40,1,0001d42d,00005bf0
853,853,0,f42a76a279585ebf23c0af7e625e0c40,1,0001d42d,00005bf0
854,854,0,f42a76a279585ebf23c0af7e625e0c40,1,0001d42d,00005bf0
855,855,0,f42a76a279585ebf23c0af7e625e0c40,1,0001d42d,00005bf0
856,856,0,f42a76a279585ebf23c0af7e625e0c40,1,0001d42d,00005bf0
857,857,0,f42a76a279585ebf23c0af7e625e0c40,1,0001d42d,00005bf0
858,858,0,f42a76a279585ebf23c0af7e625e0c40,1,0001d42d,00005bf0
859,859,0,f42a76a279585ebf23c0af7e625e0c40,1,0001d42d,00005bf0
860,860,0,f42a76a279585ebf23c0af7e625e0c40,1,0001d42d,00005bf0
861,861,0,f42a76a279585ebf23c0af7e625e0c40,1,0001d42d,00005bf0
862,862,0,f42a76a279585ebf23c0af7e625e0c40,1,0001d42d,00005bf0
863,863,0,f42a76a279585ebf23c0af7e625e0c40,1,0001d42d,00005bf0
864,864,0,f42a76a279585ebf23c0af7e625e0c40,1,0001d42d,00005bf0
865,865,0,f42a76a279585ebf23c0af7e625e0c40,1,0001d42d,00005bf0
866,866,0,f42a76a279585ebf23c0af7e625e0c40,1,0001d42d,00005bf0
867,867,0,f42a76a279585ebf23c0af7e625e0c40,1,0001d42d,00005bf0
868,868,0,f42a76a279585ebf23c0af7e625e0c40,1,0001d42d,00005bf0
869,869,0,f42a76a279585ebf23c0af7e625e0c40,1,0001d42d,00005bf0
870,870,0,f42a76a279585ebf23c0af7e625e0c40,1,0001d42d,00005bf0
871,871,0,f42a76a279585ebf23c0af7e625e0c40,1,0001d42d,00005bf0
872,872,0,f42a76a279585ebf23c0af7e625e0c40,1,0001d42d,00005bf0
873,873,0,f42a76a279585ebf23c0af7e625e0c40,1,0001d42d,00005bf0
874,874,0,f42a76a279585ebf23c0af7e625e0c40,1,0001d42d,00005bf0
875,875,0,f42a76a279585ebf23c0af7e625e0c40,1,0001d42d,00005bf0
876,876,0,f42a76a279585ebf23c0af7e625e0c40,1,0001d42d,00005bf0
877,877,0,f42a76a279585ebf23c0af7e625e0c40,1,0001d42d,00005bf0
878,878,0,f42a76a279585ebf23c0af7e625e0c40,1,0001d42d,00005bf0
879,879,0,f42a76a279585ebf23c0af7e625e0c40,1,0001d42d,00005bf0
880,880,0,f42a76a279585ebf23c0af7e625e0c40,1,0001d42d,00005bf0
881,881,0,f42a76a279585ebf23c0af7e625e0c40,1,0001d42d,00005bf0
882,882,0,f42a76a279585ebf23c0af7e625e0c40,1,0001d42d,00005bf0
883,883,0,f42a76a279585ebf23c0af7e625e0c40,1,0001d42d,00005bf0
884,884,0,f42a76a279585ebf23c0af7e625e0c40,1,0001d42d,00005bf0
885,885,0,f42a76a279585ebf23c0af7e625e0c40,1,0001d42d,00005bf0
886,886,0,f42a76a279585ebf23c0af7e625e0c40,1,0001d42d,00005bf0
887,887,0,f42a76a279585ebf23c0af7e625e0c40,1,0001d42d,00005bf0
888,888,0,f42a76a279585ebf23c0af7e625e0c40,1,0001d42d,00005bf0
889,889,0,f42a76a279585ebf23c0af7e625e0c40,1,0001d42d,00005bf0
890,890,0,f42a76a279585ebf23c0af7e625e0c40,1,0001d42d,00005bf0
891,891,0,f42a76a279585ebf23c0af7e625e0c40,1,0001d42d,00005bf0
892,892,0,f42a76a279585ebf23c0af7e625e0c40,1,0001d42d,00005bf0
893,893,0,f42a76a279585ebf23c0af7e625e0c40,1,0001d42d,00005bf0
894,894,0,f42a76a279585ebf23c0af7e625e0c40,1,0001d42d,00005bf0
895,895,0,f42a76a279585ebf23c0af7e625e0c40,1,0001d42d,00005bf0
896,896,0,f42a76a279585ebf23c0af7e625e0c40,1,0001d42d,00005bf0
897,897,0,f42a76a279585ebf23c0af7e625e0c40,1,0001d42d,00005bf0
898,898,0,f42a76a279585ebf23c0af7e625e0c40,1,0001d42d,00005bf0
899,899,0,f42a76a279585ebf23c0af7e625e0c40,1,0001d42d,00005bf0
900,900,0,f42a76a279585ebf23c0af7e625e0c40,1,0001d42d,00005bf0
901,901,0,f42a76a279585ebf23c0af7e625e0c40,1,0001d42d,00005bf0
902,902,0,f42a76a279585ebf23c0af7e625e0c40,1,0001d42d,00005bf0
903,903,0,f42a76a279585ebf23c0af7e625e0c40,1,0001d42d,00005bf0
904,904,0,f42a76a279585ebf23c0af7e625e0c40,1,0001d42d,00005bf0
905,905,0,f42a76a279585ebf23c0af7e625e0c40,1,0001d42d,00005bf0
906,906,0,f42a76a279585ebf23c0af7e625e0c40,1,0001d42d,00005bf0
907,907,0,f42a76a279585ebf23c0af7e625e0c40,1,0001d42d,00005bf0
908,908,0,f42a76a279585ebf23c0af7e625e0c40,1,0001d42d,00005bf0
909,909,0,f42a76a279585ebf23c0af7e625e0c40,1,0001d42d,00005bf0
910,910,0,f42a76a279585ebf23c0af7e625e0c40,1,0001d42d,00005bf0
911,911,0,f42a76a279585ebf23c0af7e625e0c40,1,0001d42d,00005bf0
912,912,0,f42a76a279585ebf23c0af7e625e0c40,1,0001d42d,00005bf0
913,913,0,f42a76a279585ebf23c0af7e625e0c40,1,0001d42d,00005bf0
914,914,0,f42a76a279585ebf23c0af7e625e0c40,1,0001d42d,00005bf0
915,915,0,f42a76a279585ebf23c0af7e625e0c40,1,0001d42d,00005bf0
916,916,0,f42a76a279585ebf23c0af7e625e0c40,1,0001d42d,00005bf0
917,917,0,f42a76a279585ebf23c0af7e625e0c40,1,0001d42d,00005bf0
918,918,0,f42a76a279585ebf23c0af7e625e0c40,1,0001d42d,00005bf0
919,919,0,f42a76a279585ebf23c0af7e625e0c40,1,0001d42d,00005bf0
920,920,0,f42a76a279585ebf23c0af7e625e0c40,1,0001d42d,00005bf0
921,921,0,f42a76a279585ebf23c0af7e625e0c40,1,0001d42d,00005bf0
922,922,0,f42a76a279585ebf23c0af7e625e0c40,1,0001d42d,00005bf0
923,923,0,f42a76a279585ebf23c0af7e625e0c40,1,0001d42d,00005bf0
924,924,0,f42a76a279585ebf23c0af7e625e0c40,1,0001d42d,00005bf0
925,925,0,f42a76a279585ebf23c0af7e625e0c40,1,0001d42d,00005bf0
926,926,0,f42a76a279585ebf23c0af7e625e0c40,1,0001d42d,00005bf0
927,927,0,f42a76a279585ebf23c0af7e625e0c40,1,0001d42d,00005bf0
928,928,0,f42a76a279585ebf23c0af7e625e0c40,1,0001d42d,00005bf0
929,929,0,f42a76a279585ebf23c0af7e625e0c40,1,0001d42d,00005bf0
930,930,0,f42a76a279585ebf23c0af7e625e0c40,1,0001d42d,00005bf0
931,931,0,f42a76a279585ebf23c0af7e625e0c40,1,0001d42d,00005bf0
932,932,0,f42a76a279585ebf23c0af7e625e0c40,1,0001d42d,00005bf0
933,933,0,f42a76a279585ebf23c0af7e625e0c40,1,0001d42d,00005bf0
934,934,0,f42a76a279585ebf23c0af7e625e0c40,1,0001d42d,00005bf0
935,935,0,f42a76a279585ebf23c0af7e625e0c40,1,0001d42d,00005bf0
936,936,0,f42a76a279585ebf23c0af7e625e0c40,1,0001d42d,00005bf0
937,937,0,f42a76a279585ebf23c0af7e625e0c40,1,0001d42d,00005bf0
938,938,0,f42a76a279585ebf23c0af7e625e0c40,1,0001d42d,00005bf0
939,939,0,f42a76a279585ebf23c0af7e625e0c40,1,0001d42d,00005bf0
940,940,0,f42a76a279585ebf23c0af7e625e0c40,1,0001d42d,00005bf0
941,941,0,f42a76a279585ebf23c0af7e625e0c40,1,0001d42d,00005bf0
942,942,0,f42a76a279585ebf23c0af7e625e0c40,1,0001d42d,00005bf0
943,943,0,f42a76a279585ebf23c0af7e625e0c40,1,0001d42d,00005bf0
944,944,0,f42a76a279585ebf23c0af7e625e0c40,1,0001d42d,00005bf0
945,945,0,f42a76a279585ebf23c0af7e625e0c40,1,0001d42d,00005bf0
946,946,0,f42a76a279585ebf23c0af7e625e0c40,1,0001d42d,00005bf0
947,947,0,f42a76a279585ebf23c0af7e625e0c40,1,0001d42d,00005bf0
948,948,0,f42a76a279585ebf23c0af7e625e0c40,1,0001d42d,00005bf0
949,949,0,f42a76a279585ebf23c0af7e625e0c40,1,0001d42d,00005bf0
950,950,0,f42a76a279585ebf23c0af7e625e0c40,1,0001d42d,00005bf0
951,951,0,f42a76a279585ebf23c0af7e625e0c40,1,0001d42d,00005bf0
952,952,0,f42a76a279585ebf23c0af7e625e0c40,1,0001d42d,00005bf0
953,953,0,f42a76a279585ebf23c0af7e625e0c40,1,0001d42d,00005bf0
954,954,0,f42a76a279585ebf23c0af7e625e0c40,1,0001d42d,00005bf0
955,955,0,f42a76a279585ebf23c0af7e625e0c40,1,0001d42d,00005bf0
956,956,0,f42a76a279585ebf23c0af7e625e0c40,1,0001d42d,00005bf0
957,957,0,f42a76a279585ebf23c0af7e625e0c40,1,0001d42d,00005bf0
958,958,0,f42a76a279585ebf23c0af7e625e0c40,1,0001d42d,00005bf0
959,959,0,f42a76a279585ebf23c0af7e625e0c40,1,0001d42d,00005bf0
960,960,0,f42a76a279585ebf23c0af7e625e0c40,1,0001d42d,00005bf0
961,961,0,f42a76a279585ebf23c0af7e625e0c40,1,0001d42d,00005bf0
962,962,0,f42a76a279585ebf23c0af7e625e0c40,1,0001d42d,00005bf0
963,963,0,f42a76a279585ebf23c0af7e625e0c40,1,0001d42d,00005bf0
964,964,0,f42a76a279585ebf23c0af7e625e0c40,1,0001d42d,00005bf0
965,965,0,f42a76a279585ebf23c0af7e625e0c40,1,0001d42d,00005bf0
966,966,0,f42a76a279585ebf23c0af7e625e0c40,1,0001d42d,00005bf0
967,967,0,f42a76a279585ebf23c0af7e625e0c40,1,0001d42d,00005bf0
968,968,0,f42a76a279585ebf23c0af7e625e0c40,1,0001d42d,00005bf0
969,969,0,f42a76a279585ebf23c0af7e625e0c40,1,0001d42d,00005bf0
970,970,0,f42a76a279585ebf23c0af7e625e0c40,1,0001d42d,00005bf0
971,971,0,f42a76a279585ebf23c0af7e625e0c40,1,0001d42d,00005bf0
972,972,0,f42a76a279585ebf23c0af7e625e0c40,1,0001d42d,00005bf0
973,973,0,f42a76a279585ebf23c0af7e625e0c40,1,0001d42d,00005bf0
974,974,0,f42a76a279585ebf23c0af7e625e0c40,1,0001d42d,00005bf0
975,975,0,f42a76a279585ebf23c0af7e625e0c40,1,0001d42d,00005bf0
976,976,0,f42a76a279585ebf23c0af7e625e0c40,1,0001d42d,00005bf0
977,977,0,f42a76a279585ebf23c0af7e625e0c40,1,0001d42d,00005bf0
978,978,0,f42a76a279585ebf23c0af7e625e0c40,1,0001d42d,00005bf0
979,979,0,f42a76a279585ebf23c0af7e625e0c40,1,0001d42d,00005bf0
980,980,0,f42a76a279585ebf23c0af7e625e0c40,1,0001d42d,00005bf0
981,981,0,f42a76a279585ebf23c0af7e625e0c40,1,0001d42d,00005bf0
982,982,0,f42a76a279585ebf23c0af7e625e0c40,1,0001d42d,00005bf0
983,983,0,f42a76a279585ebf23c0af7e625e0c40,1,0001d42d,00005bf0
984,984,0,f42a76a279585ebf23c0af7e625e0c40,1,0001d42d,00005bf0
985,985,0,f42a76a279585ebf23c0af7e625e0c40,1,0001d42d,00005bf0
986,986,0,f42a76a279585ebf23c0af7e625e0c40,1,0001d42d,00005bf0
987,987,0,f42a76a279585ebf23c0af7e625e0c40,1,0001d42d,00005bf0
988,988,0,f42a76a279585ebf23c0af7e625e0c40,1,0001d42d,00005bf0
989,989,0,f42a76a279585ebf23c0af7e625e0c40,1,0001d42d,00005bf0
990,990,0,f42a76a279585ebf23c0af7e625e0c40,1,0001d42d,00005bf0
991,991,0,f42a76a279585ebf23c0af7e625e0c40,1,0001d42d,00005bf0
992,992,0,f42a76a279585ebf23c0af7e625e0c40,1,0001d42d,00005bf0
993,993,0,f42a76a279585ebf23c0af7e625e0c40,1,0001d42d,00005bf0
994,994,0,f42a76a279585ebf23c0af7e625e0c40,1,0001d42d,00005bf0
995,995,0,f42a76a279585ebf23c0af7e625e0c40,1,0001d42d,00005bf0
996,996,0,f42a76a279585ebf23c0af7e625e0c40,1,0001d42d,00005bf0
997,997,0,f42a76a279585ebf23c0af7e625e0c40,1,0001d42d,00005bf0
998,998,0,f42a76a279585ebf23c0af7e625e0c40,1,0001d42d,00005bf0
999,999,0,f42a76a279585ebf23c0af7e625e0c40,1,0001d42d,00005bf0
1000,1000,0,f42a76a279585ebf23c0af7e625e0c40,1,0001d42d,00005bf0
1001,1001,0,f42a76a279585ebf23c0af7e625e0c40,1,0001d42d,00005bf0
1002,1002,0,f42a76a279585ebf23c0af7e625e0c40,1,0001d42d,00005bf0
1003,1003,0,f42a76a279585ebf23c0af7e625e0c40,1,0001d42d,00005bf0
1004,1004,0,f42a76a279585ebf23c0af7e625e0c40,1,0001d42d,00005bf0
1005,1005,0,f42a76a279585ebf23c0af7e625e0c40,1,0001d42d,00005bf0
1006,1006,0,f42a76a279585ebf23c0af7e625e0c40,1,0001d42d,00005bf0
1007,1007,0,f42a76a279585ebf23c0af7e625e0c40,1,0001d42d,00005bf0
1008,1008,0,f42a76a279585ebf23c0af7e625e0c40,1,0001d42d,00005bf0
1009,1009,0,f42a76a279585ebf23c0af7e625e0c40,1,0001d42d,00005bf0
1010,1010,0,f42a76a279585ebf23c0af7e625e0c40,1,0001d42d,00005bf0
1011,1011,0,f42a76a279585ebf23c0af7e625e0c40,1,0001d42d,00005bf0
1012,1012,0,f42a76a279585ebf23c0af7e625e0c40,1,0001d42d,00005bf0
1013,1013,0,f42a76a279585ebf23c0af7e625e0c40,1,0001d42d,00005bf0
1014,1014,0,f42a76a279585ebf23c0af7e625e0c40,1,0001d42d,00005bf0
1015,1015,0,f42a76a279585ebf23c0af7e625e0c40,1,0001d42d,00005bf0
1016,1016,0,f42a76a279585ebf23c0af7e625e0c40,1,0001d42d,00005bf0
1017,1017,0,f42a76a279585ebf23c0af7e625e0c40,1,0001d42d,00005bf0
1018,1018,0,f42a76a279585ebf23c0af7e625e0c40,1,0001d42d,00005bf0
1019,1019,0,f42a76a279585ebf23c0af7e625e0c40,1,0001d42d,00005bf0
1020,1020,0,f42a76a279585ebf23c0af7e625e0c40,1,0001d42d,00005bf0
1021,1021,0,f42a76a279585ebf23c0af7e625e0c40,1,0001d42d,00005bf0
1022,1022,0,f42a76a279585ebf23c0af7e625e0c40,1,0001d42d,00005bf0
1023,1023,0,f42a76a279585ebf23c0af7e625e0c40,1,0001d42d,00005bf0
